Word,Subset-type,Speaker-ID,Chapter-ID,Segment-ID,Gender,Time-tag,Norm-factor
he,dev-clean,174,168635,21,M,"[0.30000000000000004, 0.7000000000000001]",0.02845797786360605
protected,dev-clean,174,168635,21,M,"[0.7000000000000001, 1.3]",0.032841408512375415
the,dev-clean,1272,141231,11,M,"[0.0, 0.4]",0.019059160322722358
to,dev-clean,1272,141231,11,M,"[4.0, 4.1]",0.02096637517469908
command,dev-clean,1272,141231,11,M,"[4.1, 4.5]",0.07054148226975691
I,dev-clean,8297,275154,19,M,"[0.1, 0.4]",0.019249415523978068
tried,dev-clean,8297,275154,19,M,"[0.4, 0.9]",0.10747466332220408
it,dev-clean,8297,275154,19,M,"[0.9, 1.0]",0.03297145622546758
yesterday,dev-clean,8297,275154,19,M,"[1.0, 1.2]",0.07669163596107212
it,dev-clean,8297,275154,19,M,"[1.2, 2.4]",0.031917242228784136
set,dev-clean,8297,275154,19,M,"[2.4, 2.8]",0.07566955223977492
my,dev-clean,8297,275154,19,M,"[2.8, 3.0]",0.07828741779846403
brains,dev-clean,8297,275154,19,M,"[3.0, 3.6]",0.06981717492981691
on,dev-clean,8297,275154,19,M,"[3.6, 3.8]",0.05042157291302134
fire,dev-clean,8297,275154,19,M,"[3.8, 4.2]",0.0616882531935624
I'm,dev-clean,8297,275154,19,M,"[4.2, 5.0]",0.053834695823364524
took,dev-clean,8297,275154,19,M,"[6.4, 6.8]",0.02809415606674433
he,dev-clean,6345,93302,28,F,"[0.1, 0.5]",0.008748371274896298
checked,dev-clean,6345,93302,28,F,"[0.5, 0.7000000000000001]",0.05555585463508322
the,dev-clean,6345,93302,28,F,"[0.7000000000000001, 0.9]",0.0353213397859652
silly,dev-clean,6345,93302,28,F,"[0.9, 1.2]",0.09591738870673584
impulse,dev-clean,6345,93302,28,F,"[1.2, 1.7000000000000002]",0.03360195021312348
sufficient,dev-clean,1919,142785,35,F,"[0.2, 1.1]",0.07355398725576405
to,dev-clean,1919,142785,35,F,"[1.1, 1.2]",0.055912967519482326
serve,dev-clean,1919,142785,35,F,"[1.2, 1.6]",0.08749396659288103
with,dev-clean,1919,142785,35,F,"[1.6, 1.7000000000000002]",0.0735433869692124
mackerel,dev-clean,1919,142785,35,F,"[2.7, 3.0]",0.04506014954793352
first,dev-clean,5338,284437,33,F,"[1.3, 1.9]",0.023697725172325875
illustration,dev-clean,1919,142785,6,F,"[0.2, 1.3]",0.08884335917609698
the,dev-clean,1919,142785,6,F,"[1.3, 1.7000000000000002]",0.01223068481410582
Cucumber,dev-clean,1919,142785,6,F,"[1.7000000000000002, 2.3]",0.06378466708396217
that,dev-clean,174,168635,1,M,"[1.2, 1.5]",0.03795693162702463
ex-convict,dev-clean,174,168635,1,M,"[1.5, 2.5]",0.0442059128466153
we,dev-clean,1272,135031,17,M,"[1.9, 2.0]",0.11167237599565588
look,dev-clean,1272,135031,17,M,"[2.0, 2.3]",0.10565021836841393
sharp,dev-clean,1272,135031,17,M,"[2.3, 2.7]",0.06748181612498998
these,dev-clean,1272,135031,17,M,"[5.1, 5.3]",0.07540508207929128
don't,dev-clean,1462,170142,42,F,"[0.2, 0.7000000000000001]",0.02790684069990143
cry,dev-clean,1462,170142,42,F,"[1.4, 1.6]",0.012347467370977356
I,dev-clean,1462,170142,29,F,"[1.1, 1.3]",0.06817394189865401
know,dev-clean,1462,170142,29,F,"[1.3, 1.5]",0.12535560902717496
said,dev-clean,1462,170142,29,F,"[2.6, 2.9]",0.05466373675210108
simply,dev-clean,1462,170142,29,F,"[2.9, 3.2]",0.04091029083048744
she,dev-clean,1462,170142,31,F,"[0.30000000000000004, 0.7000000000000001]",0.05167761580404358
listened,dev-clean,1462,170142,31,F,"[0.7000000000000001, 1.0]",0.0995403499269763
intently,dev-clean,1462,170142,31,F,"[1.0, 1.3]",0.059036246023919374
but,dev-clean,1462,170142,31,F,"[1.3, 2.2]",0.04268842782276162
creaking,dev-clean,1462,170142,31,F,"[3.2, 3.6]",0.05804087253255642
now,dev-clean,1919,142785,43,F,"[0.30000000000000004, 0.7000000000000001]",0.10248386273912774
beat,dev-clean,1919,142785,43,F,"[0.7000000000000001, 1.1]",0.07287285747953898
and,dev-clean,1919,142785,43,F,"[1.1, 1.3]",0.06782309120652763
strain,dev-clean,1919,142785,43,F,"[1.3, 1.6]",0.08778815267089549
the,dev-clean,1919,142785,43,F,"[1.6, 1.7000000000000002]",0.0906684481763506
eggs,dev-clean,1919,142785,43,F,"[1.7000000000000002, 2.2]",0.07226933960131199
work,dev-clean,1919,142785,43,F,"[2.2, 3.1]",0.03873510887218316
these,dev-clean,1919,142785,43,F,"[3.1, 3.3]",0.09490827749987794
other,dev-clean,1919,142785,43,F,"[3.9, 4.1]",0.07724082463837531
ingredients,dev-clean,1919,142785,43,F,"[4.1, 4.2]",0.049190788413272936
and,dev-clean,1919,142785,43,F,"[4.2, 5.0]",0.0576480513980564
the,dev-clean,1919,142785,43,F,"[5.0, 5.1]",0.009593234662068151
forcemeat,dev-clean,1919,142785,43,F,"[5.1, 5.6]",0.08330953338292424
will,dev-clean,1919,142785,43,F,"[5.6, 5.8]",0.04839672328143048
be,dev-clean,1919,142785,43,F,"[5.8, 5.9]",0.06705313429851811
ready,dev-clean,1919,142785,43,F,"[5.9, 6.2]",0.07849778839320032
for,dev-clean,1919,142785,43,F,"[6.2, 6.4]",0.056637519130046825
use,dev-clean,1919,142785,43,F,"[6.4, 6.6]",0.037988972745690346
Herbert,dev-clean,8297,275154,8,M,"[1.5, 2.0]",0.060141113417786725
Words,dev-clean,8297,275154,8,M,"[2.5, 2.9]",0.07855091876721793
Can,dev-clean,8297,275154,8,M,"[2.9, 3.1]",0.04697569552076748
Say,dev-clean,8297,275154,8,M,"[3.1, 3.4]",0.07684704584162283
Heretics,dev-clean,1673,143397,7,F,"[1.5, 2.1]",0.14485227065103587
and,dev-clean,1673,143397,7,F,"[2.1, 2.4]",0.04395016553140208
with,dev-clean,1673,143397,7,F,"[2.4, 2.6]",0.2552142081297377
you,dev-clean,1673,143397,7,F,"[2.6, 2.9]",0.12397375194705165
I,dev-clean,1673,143397,7,F,"[2.9, 3.0]",0.1977302437624464
will,dev-clean,1673,143397,7,F,"[3.0, 3.2]",0.14250625349421134
exterminate,dev-clean,1673,143397,7,F,"[3.2, 3.6]",0.11165085026417987
the,dev-clean,1673,143397,7,F,"[3.6, 4.0]",0.07264451946180156
Persians,dev-clean,1673,143397,7,F,"[4.0, 4.6]",0.05674805340385027
nothing,dev-clean,5338,284437,16,F,"[0.7000000000000001, 1.0]",0.12821049268478998
Majestic,dev-clean,5338,284437,16,F,"[1.0, 1.6]",0.09160392854455106
about,dev-clean,5338,284437,16,F,"[1.6, 1.7000000000000002]",0.09895086724547608
do,dev-clean,6345,93302,21,F,"[0.2, 0.5]",0.0311514598915124
you,dev-clean,6345,93302,21,F,"[0.5, 0.6000000000000001]",0.056999183391164464
think,dev-clean,6345,93302,21,F,"[0.6000000000000001, 0.8]",0.036724867205770215
I'm,dev-clean,6345,93302,21,F,"[0.8, 0.9]",0.06679037267511316
not,dev-clean,6345,93302,21,F,"[0.9, 1.1]",0.058849504178426874
sorry,dev-clean,6345,93302,21,F,"[1.1, 1.3]",0.11568658888251505
now,dev-clean,6345,93302,21,F,"[1.3, 1.6]",0.07894689068122415
a,dev-clean,1462,170138,20,F,"[0.0, 0.2]",0.0012952806671910851
little,dev-clean,1462,170138,20,F,"[0.2, 0.5]",0.11961969565677286
attack,dev-clean,1462,170138,20,F,"[0.5, 0.8]",0.07411323847948358
there,dev-clean,1462,170142,18,F,"[0.0, 0.4]",0.09732176110903017
is,dev-clean,1462,170142,18,F,"[0.4, 0.5]",0.09134564641126422
this,dev-clean,1462,170142,18,F,"[0.5, 0.6000000000000001]",0.10919376164908848
deception,dev-clean,1462,170142,18,F,"[0.6000000000000001, 1.3]",0.058190732773757026
between,dev-clean,1462,170142,18,F,"[1.3, 1.8]",0.06947581084410459
me,dev-clean,1462,170142,18,F,"[1.8, 2.0]",0.1265940328456798
and,dev-clean,1462,170142,18,F,"[2.0, 2.2]",0.05970400220559944
everything,dev-clean,1462,170142,18,F,"[2.2, 2.6]",0.05724705086854464
this,dev-clean,5338,24615,12,F,"[0.2, 0.8]",0.05615414285541922
work,dev-clean,5338,24615,12,F,"[0.8, 1.0]",0.05278660235500394
of,dev-clean,5338,24615,12,F,"[1.0, 1.1]",0.05702272126443369
art,dev-clean,5338,24615,12,F,"[1.1, 1.4]",0.12576843416104955
miles,dev-clean,5338,24615,12,F,"[3.4, 3.6]",0.040467232147742116
round,dev-clean,5338,24615,12,F,"[3.6, 4.1]",0.06861375045962058
the,dev-clean,1462,170142,3,F,"[0.30000000000000004, 0.7000000000000001]",0.08161359683864393
empty,dev-clean,1462,170142,3,F,"[1.1, 1.2]",0.1565968435748929
when,dev-clean,1462,170142,3,F,"[1.2, 1.6]",0.08690834967082492
he,dev-clean,1462,170142,3,F,"[1.6, 1.7000000000000002]",0.06976643903181283
entered,dev-clean,1462,170142,3,F,"[1.7000000000000002, 2.2]",0.04820425167860423
I,dev-clean,1462,170142,16,F,"[0.0, 0.30000000000000004]",0.01806102679940664
am,dev-clean,1462,170142,16,F,"[0.30000000000000004, 0.5]",0.15359649670898445
not,dev-clean,1462,170142,16,F,"[0.5, 0.7000000000000001]",0.15457421001896626
a,dev-clean,1462,170142,16,F,"[0.7000000000000001, 0.8]",0.11531917303159298
can,dev-clean,1462,170142,16,F,"[1.2, 1.4]",0.09940971460763648
live,dev-clean,1462,170142,16,F,"[1.4, 1.7000000000000002]",0.11355147875885205
two,dev-clean,1462,170142,16,F,"[1.7000000000000002, 1.9]",0.07220387319384912
lives,dev-clean,1462,170142,16,F,"[1.9, 2.0]",0.0769169578234633
he,dev-clean,1462,170142,16,F,"[2.0, 2.8]",0.05012606643051352
went,dev-clean,1462,170142,16,F,"[2.8, 3.1]",0.08631772133419703
on,dev-clean,1462,170142,16,F,"[3.1, 3.3]",0.07846016716010952
feverishly,dev-clean,1462,170142,16,F,"[3.3, 3.9]",0.05199174109762004
each,dev-clean,1462,170142,16,F,"[3.9, 4.7]",0.05043223364775005
life,dev-clean,1462,170142,16,F,"[4.7, 5.0]",0.1233561807337767
spoils,dev-clean,1462,170142,16,F,"[5.0, 5.4]",0.12795945641714626
the,dev-clean,1462,170142,16,F,"[5.4, 5.6]",0.0740938004463777
at,dev-clean,1673,143397,8,F,"[0.30000000000000004, 0.7000000000000001]",0.05215521352282747
these,dev-clean,1673,143397,8,F,"[0.7000000000000001, 0.8]",0.07083899107782865
Blasphemous,dev-clean,1673,143397,8,F,"[0.8, 1.5]",0.09893016464834137
sounds,dev-clean,1673,143397,8,F,"[1.5, 2.0]",0.0353703857842211
the,dev-clean,1673,143397,8,F,"[2.0, 2.3]",0.01297265194872519
the,dev-clean,1673,143397,8,F,"[2.8, 2.9]",0.055485834089896484
sanctuary,dev-clean,1673,143397,8,F,"[2.9, 3.2]",0.05311727918751597
were,dev-clean,1673,143397,8,F,"[3.2, 3.5]",0.07066594247885462
shaken,dev-clean,1673,143397,8,F,"[3.5, 4.0]",0.04201173550663299
they,dev-clean,7976,105575,23,M,"[0.0, 0.5]",0.05713046721318819
dozens,dev-clean,7976,105575,23,M,"[1.5, 2.2]",0.0708863578424227
even,dev-clean,7976,105575,23,M,"[2.2, 3.0]",0.06302214904370625
to,dev-clean,7976,105575,23,M,"[3.5, 3.6]",0.04031171102806372
the,dev-clean,7976,105575,23,M,"[3.6, 3.8]",0.05334607503166496
works,dev-clean,7976,105575,23,M,"[3.8, 4.2]",0.04931509772921799
singer,dev-clean,174,50561,3,M,"[1.0, 1.4]",0.017576906249724897
approaches,dev-clean,174,50561,3,M,"[1.4, 1.9]",0.017677957498953352
lute,dev-clean,174,50561,3,M,"[2.5, 2.8]",0.012434719465267408
it,dev-clean,1462,170138,27,F,"[0.1, 0.5]",0.06923681384627971
was,dev-clean,1462,170138,27,F,"[0.5, 0.6000000000000001]",0.0930418682433038
Youth,dev-clean,1462,170138,27,F,"[0.6000000000000001, 1.0]",0.09507972987598312
and,dev-clean,1462,170138,27,F,"[2.4, 3.1]",0.0445784723790334
everything,dev-clean,1462,170138,27,F,"[3.1, 3.5]",0.1184936995079805
was,dev-clean,1462,170138,27,F,"[3.5, 3.7]",0.06285271926427585
young,dev-clean,1462,170138,27,F,"[3.7, 4.0]",0.09782972375266023
I,dev-clean,6345,93302,18,F,"[0.1, 0.4]",0.023890209926209237
you,dev-clean,6345,93302,18,F,"[0.8, 1.1]",0.09936159269000236
were,dev-clean,6345,93302,18,F,"[1.1, 1.2]",0.1513847988789082
afraid,dev-clean,6345,93302,18,F,"[1.2, 1.4]",0.057515689850302726
to,dev-clean,6345,93302,18,F,"[1.4, 1.5]",0.03150977202372958
tell,dev-clean,6345,93302,18,F,"[1.5, 1.8]",0.0285306127010813
me,dev-clean,6345,93302,18,F,"[1.8, 1.9]",0.024975294881021556
she,dev-clean,6345,93302,18,F,"[1.9, 2.1]",0.0209970809321871
began,dev-clean,6345,93302,18,F,"[2.1, 2.5]",0.05268307770854023
you,dev-clean,6345,93302,18,F,"[2.5, 2.7]",0.021218893165528517
don't,dev-clean,6345,93302,18,F,"[2.7, 2.9]",0.0989298235008784
love,dev-clean,6345,93302,18,F,"[2.9, 3.1]",0.08670006434880785
never,dev-clean,6345,93302,18,F,"[3.5, 3.6]",0.06019570457215856
loved,dev-clean,6345,93302,18,F,"[3.6, 4.0]",0.08616715905335671
idiot,dev-clean,6345,93302,18,F,"[4.8, 5.0]",0.04644961814234573
to,dev-clean,6345,93302,18,F,"[5.0, 5.2]",0.04937189019099762
believe,dev-clean,6345,93302,18,F,"[5.2, 5.3]",0.1126901151004658
you,dev-clean,6345,93302,18,F,"[5.3, 5.6]",0.09437851142793152
did,dev-clean,6345,93302,18,F,"[5.6, 5.8]",0.18193262718997044
singer,dev-clean,174,50561,9,M,"[1.1, 1.5]",0.014303491479962497
Rosecrans,dev-clean,7976,105575,26,M,"[0.2, 1.1]",0.07086336302614184
protested,dev-clean,7976,105575,26,M,"[1.1, 1.9]",0.04748876434053133
it,dev-clean,7976,105575,26,M,"[1.9, 2.4]",0.04719747416457901
was,dev-clean,7976,105575,26,M,"[2.4, 2.5]",0.04440718815958551
in,dev-clean,7976,105575,26,M,"[2.5, 2.6]",0.03787676246398671
vain,dev-clean,7976,105575,26,M,"[2.6, 2.7]",0.0135164649721659
singer,dev-clean,174,50561,12,M,"[1.1, 1.5]",0.012803337212459564
who,dev-clean,5536,43358,16,M,"[0.4, 0.7000000000000001]",0.050616730939244486
his,dev-clean,5536,43358,16,M,"[1.3, 1.5]",0.04378131947553469
superstition,dev-clean,5536,43358,16,M,"[1.5, 2.2]",0.05035285283461573
I'll,dev-clean,1462,170142,10,F,"[0.2, 0.6000000000000001]",0.02617425846918737
do,dev-clean,1462,170142,10,F,"[0.6000000000000001, 0.7000000000000001]",0.08269703491306135
anything,dev-clean,1462,170142,10,F,"[0.7000000000000001, 0.9]",0.14954274134922174
you,dev-clean,1462,170142,10,F,"[0.9, 1.2]",0.09772376565771368
wish,dev-clean,1462,170142,10,F,"[1.2, 1.4]",0.09009839052138187
me,dev-clean,1462,170142,10,F,"[1.4, 1.6]",0.06380117693969045
Bartley,dev-clean,1462,170142,10,F,"[1.6, 2.2]",0.04865536211661862
she,dev-clean,1462,170142,10,F,"[2.2, 3.3]",0.018447768316249502
said,dev-clean,1462,170142,10,F,"[3.3, 3.6]",0.04857465818443425
tremulously,dev-clean,1462,170142,10,F,"[3.6, 4.2]",0.07358524253312672
Mister,dev-clean,1272,128104,0,M,"[0.30000000000000004, 0.8]",0.036015635028706354
quilter,dev-clean,1272,128104,0,M,"[0.8, 1.2]",0.10202472894803112
glad,dev-clean,1272,128104,0,M,"[3.7, 3.8]",0.07226232798649238
her,dev-clean,6345,93302,11,F,"[0.0, 0.30000000000000004]",0.0288392857447
hands,dev-clean,6345,93302,11,F,"[0.30000000000000004, 0.6000000000000001]",0.043489527797136135
aching,dev-clean,6345,93302,11,F,"[1.1, 1.5]",0.050961993513939007
with,dev-clean,6345,93302,11,F,"[1.5, 1.6]",0.035756743662586306
cold,dev-clean,6345,93302,11,F,"[1.6, 2.0]",0.11957871527978745
you,dev-clean,6345,93302,2,F,"[0.2, 0.6000000000000001]",0.02902834850263261
see,dev-clean,6345,93302,2,F,"[0.6000000000000001, 0.8]",0.04558284957245008
that,dev-clean,6345,93302,2,F,"[0.8, 1.0]",0.09624800193480733
exactly,dev-clean,6345,93302,2,F,"[1.3, 1.4]",0.020030582273742503
how,dev-clean,6345,93302,2,F,"[1.4, 2.1]",0.05006258752806337
a,dev-clean,6345,93302,2,F,"[2.1, 2.2]",0.040141849018819516
conducted,dev-clean,6345,93302,2,F,"[2.7, 3.3]",0.026258153147125502
standard,dev-clean,6345,93302,2,F,"[4.2, 4.8]",0.06999941467381544
poets,dev-clean,6345,93302,2,F,"[4.8, 5.3]",0.041750648463484925
and,dev-clean,6345,93302,2,F,"[5.3, 5.7]",0.05385722574401914
of,dev-clean,6345,93302,2,F,"[5.7, 5.8]",0.0057229894241626975
the,dev-clean,6345,93302,2,F,"[5.8, 5.9]",0.026020284130708417
journals,dev-clean,6345,93302,2,F,"[6.7, 7.3]",0.03194433266484386
and,dev-clean,1462,170142,40,F,"[0.0, 0.5]",0.1055614336520621
came,dev-clean,1462,170142,40,F,"[0.7000000000000001, 0.9]",0.06537043124716015
caring,dev-clean,1462,170142,40,F,"[1.9, 2.2]",0.08283733055381244
very,dev-clean,1462,170142,40,F,"[2.2, 2.5]",0.07628714339262169
much,dev-clean,1462,170142,40,F,"[2.5, 2.8]",0.03398437348704682
but,dev-clean,1462,170142,40,F,"[2.8, 3.1]",0.060899885366334325
it,dev-clean,1462,170142,40,F,"[3.1, 3.2]",0.08847617105582678
difference,dev-clean,1462,170142,40,F,"[3.4, 3.5]",0.0867873347785884
in,dev-clean,1462,170138,23,F,"[0.0, 0.5]",0.09898818909736118
the,dev-clean,1462,170138,23,F,"[0.5, 0.6000000000000001]",0.09364438712330188
half-light,dev-clean,1462,170138,23,F,"[0.6000000000000001, 0.9]",0.09047988535703216
he,dev-clean,1462,170138,23,F,"[0.9, 1.6]",0.07603890872841444
looked,dev-clean,1462,170138,23,F,"[1.6, 1.8]",0.137743540731785
about,dev-clean,1462,170138,23,F,"[1.8, 2.0]",0.09600303063718184
at,dev-clean,1462,170138,23,F,"[2.0, 2.3]",0.053301028662430965
the,dev-clean,1462,170138,23,F,"[2.3, 2.4]",0.0319039024295658
Stalls,dev-clean,1462,170138,23,F,"[2.4, 2.8]",0.07771633170504416
and,dev-clean,1462,170138,23,F,"[2.8, 3.0]",0.09373420279713217
boxes,dev-clean,1462,170138,23,F,"[3.0, 3.6]",0.04749155757461402
and,dev-clean,1462,170138,23,F,"[3.6, 3.9]",0.01826713135646188
smiled,dev-clean,1462,170138,23,F,"[3.9, 4.5]",0.10909889265311767
a,dev-clean,1462,170138,23,F,"[4.5, 4.6]",0.08206651594086317
little,dev-clean,1462,170138,23,F,"[4.6, 4.7]",0.14058905211573414
consciously,dev-clean,1462,170138,23,F,"[4.7, 5.5]",0.04851550577160756
recalling,dev-clean,1462,170138,23,F,"[5.5, 6.6]",0.07155578254407025
with,dev-clean,1462,170138,23,F,"[6.6, 6.8]",0.10581463852547628
judicial,dev-clean,1462,170138,23,F,"[8.0, 8.5]",0.04774264418823335
frown,dev-clean,1462,170138,23,F,"[8.5, 9.0]",0.05998198516169285
seasonable,dev-clean,1919,142785,22,F,"[0.2, 1.1]",0.07505858341532215
be,dev-clean,1919,142785,22,F,"[2.3, 2.4]",0.0679547208816173
made,dev-clean,1919,142785,22,F,"[2.4, 2.6]",0.1076472096619137
about,dev-clean,1919,142785,22,F,"[2.6, 2.8]",0.08057281404899702
Easter,dev-clean,1919,142785,22,F,"[2.8, 3.4]",0.07337919102289353
this,dev-clean,1919,142785,22,F,"[4.4, 4.6]",0.07632925156202547
time,dev-clean,1919,142785,22,F,"[4.6, 5.0]",0.06805545523472321
eggs,dev-clean,1919,142785,22,F,"[5.0, 5.4]",0.06964480794823248
plentiful,dev-clean,1919,142785,22,F,"[5.4, 5.8]",0.04646641625307886
and,dev-clean,1919,142785,22,F,"[5.8, 6.0]",0.08055396976718633
cheap,dev-clean,1919,142785,22,F,"[6.0, 6.4]",0.04927270970838391
only,dev-clean,1272,128104,12,M,"[0.30000000000000004, 0.9]",0.1623427182197755
good,dev-clean,1272,128104,12,M,"[4.4, 4.9]",0.08373822644248104
Alexander,dev-clean,1462,170138,3,F,"[0.1, 1.0]",0.07113601382758332
exclaimed,dev-clean,1462,170138,3,F,"[1.0, 1.6]",0.046680974301445965
mildly,dev-clean,1462,170138,3,F,"[1.6, 2.0]",0.05979607417115468
after,dev-clean,1462,170142,24,F,"[0.30000000000000004, 0.9]",0.0451678186338126
first,dev-clean,1462,170142,24,F,"[1.3, 1.8]",0.03773670566831586
in,dev-clean,5338,284437,21,F,"[0.1, 0.5]",0.07183631195454959
that,dev-clean,5338,284437,21,F,"[0.5, 0.8]",0.10419849510874116
button-bright,dev-clean,5338,284437,21,F,"[1.7000000000000002, 2.2]",0.04001255879464875
to,dev-clean,5338,284437,21,F,"[3.8, 4.2]",0.06237512075828685
the,dev-clean,5338,284437,21,F,"[4.2, 4.3]",0.03281975429852095
pay,dev-clean,5338,284437,21,F,"[6.1, 6.3]",0.07475931878591327
for,dev-clean,5338,284437,21,F,"[6.3, 6.5]",0.054942167592672564
palace,dev-clean,5338,284437,7,F,"[2.7, 3.2]",0.029835179214463207
she,dev-clean,6345,93306,14,F,"[0.1, 0.5]",0.020561165836104612
you,dev-clean,6345,93306,14,F,"[1.0, 1.1]",0.04797190782003403
are,dev-clean,6345,93306,14,F,"[1.1, 1.2]",0.07033840542896759
kind,dev-clean,6345,93306,14,F,"[1.2, 1.9]",0.034265410112143284
it's,dev-clean,1462,170142,14,F,"[1.6, 1.7000000000000002]",0.0138833883360534
worse,dev-clean,1462,170142,14,F,"[1.7000000000000002, 2.0]",0.10621398777475388
now,dev-clean,1462,170142,14,F,"[2.0, 2.1]",0.0682107357273224
she,dev-clean,5338,284437,9,F,"[0.30000000000000004, 0.7000000000000001]",0.0496081146536172
but,dev-clean,5338,284437,9,F,"[6.2, 7.0]",0.01671393761259889
slender,dev-clean,5338,284437,9,F,"[7.0, 7.3]",0.11684731109016615
our,dev-clean,5338,284437,9,F,"[8.8, 8.9]",0.038073965699024784
type,dev-clean,5536,43358,12,M,"[0.5, 0.8]",0.08489679637445413
of,dev-clean,5536,43358,12,M,"[0.8, 0.9]",0.06799014669927969
prayer,dev-clean,5536,43358,12,M,"[0.9, 1.2]",0.13573561406485546
there,dev-clean,5536,43358,12,M,"[1.2, 1.5]",0.07432705931804501
was,dev-clean,5536,43358,12,M,"[1.5, 1.6]",0.025429750326971885
no,dev-clean,5536,43358,12,M,"[1.6, 1.8]",0.0571187986088761
beseeching,dev-clean,5536,43358,12,M,"[1.8, 2.3]",0.04989127945927122
of,dev-clean,5536,43358,12,M,"[2.3, 2.4]",0.03180281718674432
favor,dev-clean,5536,43358,12,M,"[2.4, 2.8]",0.0745663120128691
or,dev-clean,5536,43358,12,M,"[2.8, 3.0]",0.04919416567794264
help,dev-clean,5536,43358,12,M,"[3.0, 3.3]",0.07989358781212222
but,dev-clean,174,50561,2,M,"[0.30000000000000004, 0.7000000000000001]",0.015186872910225385
this,dev-clean,174,50561,2,M,"[0.7000000000000001, 0.8]",0.02581714233425034
is,dev-clean,174,50561,2,M,"[0.8, 1.0]",0.012601060451254377
a,dev-clean,174,50561,2,M,"[1.0, 1.1]",0.009811880447058193
fallacy,dev-clean,174,50561,2,M,"[1.1, 1.6]",0.024728357118958464
illustration,dev-clean,1919,142785,24,F,"[0.2, 1.3]",0.0918019465614833
Ginger,dev-clean,1919,142785,24,F,"[1.3, 2.3]",0.05571569821929545
the,dev-clean,1462,170142,0,F,"[0.2, 0.6000000000000001]",0.08549858990761755
last,dev-clean,1462,170142,0,F,"[0.6000000000000001, 1.1]",0.11481182910367185
of,dev-clean,1462,170142,0,F,"[1.4, 1.6]",0.09749992135980648
the,dev-clean,1462,170142,0,F,"[1.6, 1.8]",0.08257078044598473
voyage,dev-clean,1462,170142,0,F,"[1.8, 2.2]",0.0801645191923163
Bartley,dev-clean,1462,170142,0,F,"[2.2, 2.7]",0.06795206327818694
found,dev-clean,1462,170142,0,F,"[2.7, 3.1]",0.06395600274531152
almost,dev-clean,1462,170142,0,F,"[3.1, 3.3]",0.09942559087608324
I,dev-clean,5338,284437,25,F,"[0.1, 0.4]",0.01892710411173783
have,dev-clean,5338,284437,25,F,"[0.4, 0.6000000000000001]",0.10962038640907132
one,dev-clean,5338,284437,25,F,"[0.6000000000000001, 0.9]",0.14244143793417366
great,dev-clean,5338,284437,25,F,"[0.9, 1.3]",0.09409965241838064
privilege,dev-clean,5338,284437,25,F,"[1.3, 1.7000000000000002]",0.029862978439389974
it's,dev-clean,1462,170142,34,F,"[0.2, 0.7000000000000001]",0.03813647332468744
got,dev-clean,1462,170142,34,F,"[0.7000000000000001, 0.9]",0.10032134424261976
to,dev-clean,1462,170142,34,F,"[0.9, 1.0]",0.04632428676650452
be,dev-clean,1462,170142,34,F,"[1.0, 1.1]",0.06097729479918484
a,dev-clean,1462,170142,34,F,"[1.1, 1.3]",0.10290862942265427
clean,dev-clean,1462,170142,34,F,"[1.3, 1.6]",0.1029122493409334
break,dev-clean,1462,170142,34,F,"[1.6, 1.9]",0.08716953711341169
Hilda,dev-clean,1462,170142,34,F,"[1.9, 2.3]",0.0522521639925625
he,dev-clean,1673,143396,9,F,"[0.1, 0.5]",0.05949019583787341
the,dev-clean,1673,143396,9,F,"[1.7000000000000002, 1.8]",0.1747358306319406
Jordan,dev-clean,1673,143396,9,F,"[1.8, 1.9]",0.03714958279217555
of,dev-clean,1673,143396,9,F,"[2.7, 2.8]",0.08317417429324805
perfect,dev-clean,1673,143396,9,F,"[2.8, 3.3]",0.08487263901173256
it,dev-clean,1673,143396,9,F,"[4.6, 4.7]",0.17830256194250468
was,dev-clean,1673,143396,9,F,"[4.7, 4.8]",0.06627752487574423
a,dev-clean,1673,143396,9,F,"[4.8, 4.9]",0.05353142551748015
form,dev-clean,1673,143396,9,F,"[4.9, 5.3]",0.10502523198886783
only,dev-clean,1673,143396,9,F,"[5.3, 5.5]",0.1364436718883721
and,dev-clean,1673,143396,9,F,"[5.5, 5.9]",0.06298101342811976
not,dev-clean,1673,143396,9,F,"[5.9, 6.0]",0.10712486147688594
a,dev-clean,1673,143396,9,F,"[6.0, 6.2]",0.08199247637387057
human,dev-clean,1673,143396,9,F,"[7.1, 7.4]",0.12314964055326162
figure,dev-clean,1673,143396,9,F,"[7.4, 7.7]",0.10334917188728317
created,dev-clean,1673,143396,9,F,"[7.7, 8.3]",0.1885831253150843
by,dev-clean,1673,143396,9,F,"[8.3, 8.4]",0.1808759307663576
the,dev-clean,1673,143396,9,F,"[8.4, 8.5]",0.07602926689530475
hand,dev-clean,1673,143396,9,F,"[8.5, 8.8]",0.07791464095494965
of,dev-clean,1673,143396,9,F,"[8.8, 8.9]",0.13341569275554066
omnipotence,dev-clean,1673,143396,9,F,"[8.9, 9.5]",0.13790410045854673
actions,dev-clean,1673,143396,9,F,"[11.0, 11.5]",0.08657007682064381
of,dev-clean,1673,143396,9,F,"[11.5, 11.6]",0.06023510874648901
a,dev-clean,1673,143396,9,F,"[11.6, 11.7]",0.05173182272997983
man,dev-clean,1673,143396,9,F,"[11.7, 12.0]",0.06407100481837387
and,dev-clean,1673,143396,9,F,"[12.0, 12.6]",0.08673185927952833
to,dev-clean,1673,143396,9,F,"[12.6, 12.8]",0.09533949191861328
impose,dev-clean,1673,143396,9,F,"[12.8, 13.1]",0.2587995805076177
a,dev-clean,1673,143396,9,F,"[13.1, 13.2]",0.06877352963137195
on,dev-clean,1673,143396,9,F,"[14.2, 14.4]",0.09034710972018514
the,dev-clean,1673,143396,9,F,"[14.4, 14.5]",0.03134085758444918
his,dev-clean,1673,143396,9,F,"[14.9, 15.1]",0.03685455051795319
friends,dev-clean,1673,143396,9,F,"[15.1, 15.5]",0.09115127282120053
enemies,dev-clean,1673,143396,9,F,"[15.5, 15.8]",0.06658606533928252
sure,dev-clean,1272,135031,18,M,"[1.4, 1.5]",0.06952176214749535
are,dev-clean,6345,93302,25,F,"[0.0, 0.4]",0.0891780153081915
you,dev-clean,6345,93302,25,F,"[0.4, 0.5]",0.045092765337463626
really,dev-clean,6345,93302,25,F,"[0.5, 0.7000000000000001]",0.04407575175136781
throw,dev-clean,6345,93302,25,F,"[1.0, 1.2]",0.1391694412270993
me,dev-clean,6345,93302,25,F,"[1.2, 1.3]",0.07217207046942561
over,dev-clean,6345,93302,25,F,"[1.3, 1.5]",0.129160790687203
for,dev-clean,6345,93302,25,F,"[1.5, 1.7000000000000002]",0.10766747414992964
thing,dev-clean,6345,93302,25,F,"[1.7000000000000002, 1.9]",0.051766297009348025
like,dev-clean,6345,93302,25,F,"[1.9, 2.0]",0.04217527586885539
this,dev-clean,6345,93302,25,F,"[2.0, 2.2]",0.07283106219950226
for,dev-clean,1919,142785,62,F,"[2.1, 2.5]",0.021783568836048213
of,dev-clean,1919,142785,62,F,"[2.9, 3.2]",0.0368846329172895
salmon,dev-clean,1919,142785,62,F,"[3.2, 3.7]",0.033182749698905015
it,dev-clean,6345,93302,20,F,"[0.9, 1.0]",0.056173192372794216
then,dev-clean,6345,93302,20,F,"[1.0, 1.7000000000000002]",0.04160431316043399
how,dev-clean,6345,93302,20,F,"[1.7000000000000002, 1.8]",0.10593980495884613
can,dev-clean,6345,93302,20,F,"[1.8, 2.0]",0.053756924871614764
I,dev-clean,6345,93302,20,F,"[2.0, 2.1]",0.11331348608980735
ever,dev-clean,6345,93302,20,F,"[2.1, 2.3]",0.22078943709406648
trust,dev-clean,6345,93302,20,F,"[2.3, 2.4]",0.1280664054508778
you,dev-clean,6345,93302,20,F,"[2.4, 2.8]",0.052906409036824434
I,dev-clean,174,50561,17,M,"[0.2, 0.6000000000000001]",0.00917768675983436
don't,dev-clean,174,50561,17,M,"[0.6000000000000001, 0.8]",0.026374590538671264
down,dev-clean,8297,275154,11,M,"[1.0, 1.2]",0.13212845090585332
The,dev-clean,8297,275154,11,M,"[1.2, 1.4]",0.11004378330781844
taking,dev-clean,8297,275154,11,M,"[1.9, 2.5]",0.06131213699297551
no,dev-clean,8297,275154,11,M,"[2.5, 2.7]",0.102867027460345
notice,dev-clean,8297,275154,11,M,"[2.7, 2.8]",0.08931148351283946
into,dev-clean,1462,170142,22,F,"[1.8, 2.1]",0.07112798666341268
his,dev-clean,1462,170142,22,F,"[2.1, 2.3]",0.056543212588061185
chair,dev-clean,1462,170142,22,F,"[2.3, 2.6]",0.060822905491329814
by,dev-clean,1462,170142,22,F,"[2.6, 2.8]",0.05148663176950196
the,dev-clean,1462,170142,22,F,"[2.8, 3.0]",0.036402645658694915
and,dev-clean,1919,142785,32,F,"[1.2, 1.4]",0.07423812222821276
if,dev-clean,1919,142785,32,F,"[1.4, 1.6]",0.07591212922405415
seasoning,dev-clean,1919,142785,32,F,"[2.6, 3.2]",0.10396636129391458
of,dev-clean,1919,142785,32,F,"[3.2, 3.3]",0.013416296791072913
cayenne,dev-clean,1919,142785,32,F,"[3.3, 3.6]",0.09046166495934492
when,dev-clean,1919,142785,32,F,"[3.6, 4.4]",0.04274177728820032
will,dev-clean,1919,142785,32,F,"[4.4, 4.6]",0.05872200286974106
ready,dev-clean,1919,142785,32,F,"[4.6, 4.9]",0.07566170324209069
and,dev-clean,6345,93302,29,F,"[0.9, 1.6]",0.07327510669336106
went,dev-clean,6345,93302,29,F,"[1.6, 1.8]",0.02586877655551278
South,dev-clean,6345,93302,29,F,"[1.8, 2.1]",0.055186106173279986
Africa,dev-clean,6345,93302,29,F,"[2.1, 2.2]",0.03750797204995978
never,dev-clean,6345,93302,29,F,"[3.3, 3.4]",0.10439322897796446
came,dev-clean,6345,93302,29,F,"[3.4, 3.7]",0.11778935762444702
home,dev-clean,6345,93302,29,F,"[3.7, 3.9]",0.046353394565917236
covered,dev-clean,6345,93302,29,F,"[3.9, 4.2]",0.05087277841100205
with,dev-clean,6345,93302,29,F,"[4.2, 4.5]",0.0590313168075238
medals,dev-clean,6345,93302,29,F,"[4.5, 4.9]",0.0942385190120104
and,dev-clean,6345,93302,29,F,"[4.9, 5.0]",0.019143041739747724
Glory,dev-clean,6345,93302,29,F,"[5.0, 5.4]",0.07210059049056781
which,dev-clean,6345,93302,29,F,"[5.4, 5.7]",0.021191565002851714
was,dev-clean,6345,93302,29,F,"[5.7, 5.9]",0.047080327383027226
rather,dev-clean,6345,93302,29,F,"[5.9, 6.1]",0.0710592533064986
his,dev-clean,6345,93302,29,F,"[6.1, 6.5]",0.07962997464205528
idea,dev-clean,6345,93302,29,F,"[6.5, 6.9]",0.053113465344888415
to,dev-clean,6345,93302,29,F,"[6.9, 7.3]",0.0050304631390179644
the,dev-clean,6345,93302,29,F,"[7.3, 7.5]",0.038983598054522534
few,dev-clean,6345,93302,29,F,"[7.5, 7.7]",0.06868210165576087
explanation,dev-clean,6345,93302,29,F,"[8.4, 8.6]",0.006846870743336097
have,dev-clean,6345,93302,29,F,"[9.5, 9.6]",0.020370778828168096
made,dev-clean,6345,93302,29,F,"[9.6, 9.8]",0.050902128583007474
and,dev-clean,6345,93302,29,F,"[10.5, 10.9]",0.02687302805937656
repaid,dev-clean,6345,93302,29,F,"[10.9, 11.3]",0.1102861944277938
her,dev-clean,6345,93302,29,F,"[11.3, 11.6]",0.060851469335261976
and,dev-clean,6345,93302,29,F,"[11.6, 11.8]",0.03951489959678388
past,dev-clean,6345,93302,29,F,"[12.5, 12.9]",0.022343476893391487
he,dev-clean,174,168635,16,M,"[0.30000000000000004, 0.7000000000000001]",0.02174584749258935
undressing,dev-clean,174,168635,16,M,"[3.4, 4.0]",0.042222084846135655
her,dev-clean,174,168635,16,M,"[4.0, 4.1]",0.04847970030178237
doll,dev-clean,174,168635,16,M,"[4.1, 4.5]",0.06307579179601074
her,dev-clean,174,168635,16,M,"[5.8, 6.1]",0.034044289000565546
prattle,dev-clean,174,168635,16,M,"[6.1, 6.4]",0.0748031792253117
are,dev-clean,174,50561,11,M,"[5.9, 6.0]",0.042789889021703865
last,dev-clean,174,50561,11,M,"[6.3, 6.6]",0.01972390683104148
time,dev-clean,174,50561,11,M,"[6.6, 6.8]",0.03199249385621849
accosted,dev-clean,174,50561,11,M,"[6.8, 7.7]",0.02152657716117906
by,dev-clean,174,50561,11,M,"[7.7, 7.8]",0.05411238660514624
the,dev-clean,174,50561,11,M,"[7.8, 8.0]",0.02364106511399033
singer,dev-clean,174,50561,11,M,"[8.0, 8.4]",0.014154430749746524
with,dev-clean,174,50561,11,M,"[8.4, 8.5]",0.007453936925297076
his,dev-clean,174,50561,11,M,"[8.5, 8.7]",0.01137383525973495
I,dev-clean,6345,64257,15,F,"[0.0, 0.30000000000000004]",0.02127825866807617
is,dev-clean,6345,64257,15,F,"[1.1, 1.2]",0.0586514001449104
this,dev-clean,6345,64257,4,F,"[0.2, 0.6000000000000001]",0.06108274501940637
was,dev-clean,6345,64257,4,F,"[0.6000000000000001, 0.8]",0.034970370593749675
as,dev-clean,6345,64257,4,F,"[1.1, 1.6]",0.03955734536070996
could,dev-clean,6345,64257,4,F,"[2.2, 2.3]",0.027241403892190645
recall,dev-clean,6345,64257,4,F,"[2.3, 2.7]",0.06685487721877761
it,dev-clean,6345,64257,4,F,"[2.7, 2.9]",0.05019089319796019
when,dev-clean,6345,64257,4,F,"[2.9, 3.1]",0.028981961974203274
she,dev-clean,6345,64257,4,F,"[3.1, 3.2]",0.047373605584831134
came,dev-clean,6345,64257,4,F,"[3.2, 3.4]",0.0500984576181636
from,dev-clean,6345,64257,4,F,"[4.7, 4.8]",0.06220891889671727
it,dev-clean,6345,64257,4,F,"[4.8, 5.0]",0.04838276090748455
with,dev-clean,6345,64257,4,F,"[5.0, 5.1]",0.08254881866723086
cry,dev-clean,6345,64257,4,F,"[5.1, 5.4]",0.04183211086374085
10,dev-clean,1272,141231,16,M,"[0.30000000000000004, 0.8]",0.16588376944849506
seconds,dev-clean,1272,141231,16,M,"[0.8, 1.3]",0.1709013224116422
Place,dev-clean,1919,142785,14,F,"[0.2, 0.8]",0.08445411393118461
in,dev-clean,1919,142785,14,F,"[1.2, 1.3]",0.08474803321898974
saucepan,dev-clean,1919,142785,14,F,"[1.3, 1.7000000000000002]",0.06486603845216876
of,dev-clean,1919,142785,14,F,"[1.7000000000000002, 2.0]",0.06450601527246637
boiling,dev-clean,1919,142785,14,F,"[2.0, 2.4]",0.05307687764249081
water,dev-clean,1919,142785,14,F,"[2.4, 2.5]",0.04374879673464368
well,dev-clean,1919,142785,14,F,"[3.7, 4.1]",0.10422010836754188
until,dev-clean,1919,142785,14,F,"[4.1, 4.5]",0.06194556086247045
but,dev-clean,1919,142785,14,F,"[4.8, 5.7]",0.034964340268464365
do,dev-clean,1919,142785,14,F,"[5.7, 5.9]",0.0887515205646872
not,dev-clean,1919,142785,14,F,"[5.9, 6.0]",0.13731023954345256
allow,dev-clean,1919,142785,14,F,"[6.0, 6.3]",0.12990190407868407
it,dev-clean,1919,142785,14,F,"[6.3, 6.4]",0.052210739459076096
to,dev-clean,1919,142785,14,F,"[6.4, 6.5]",0.03574757550848758
boil,dev-clean,1919,142785,14,F,"[6.5, 6.8]",0.061935123475137376
or,dev-clean,1919,142785,14,F,"[6.8, 7.1]",0.054539010977766825
curdle,dev-clean,1919,142785,14,F,"[7.3, 7.7]",0.05337285961803055
I,dev-clean,8297,275154,13,M,"[0.30000000000000004, 0.6000000000000001]",0.0473867441159142
will,dev-clean,8297,275154,13,M,"[0.6000000000000001, 0.8]",0.1378340367662878
do,dev-clean,8297,275154,13,M,"[0.8, 1.0]",0.09635343108330688
neither,dev-clean,8297,275154,13,M,"[1.0, 1.3]",0.10729762122215028
the,dev-clean,8297,275154,13,M,"[1.3, 1.5]",0.08337916138283069
one,dev-clean,8297,275154,13,M,"[1.5, 1.8]",0.08493720764032787
nor,dev-clean,8297,275154,13,M,"[1.8, 2.1]",0.02267242341133581
the,dev-clean,8297,275154,13,M,"[2.1, 2.4]",0.09630909423362688
other,dev-clean,8297,275154,13,M,"[2.4, 2.6]",0.09012821632114966
he's,dev-clean,1462,170138,16,F,"[0.0, 0.4]",0.07564981899909147
another,dev-clean,1462,170138,16,F,"[0.4, 0.6000000000000001]",0.11964400521162386
who's,dev-clean,1462,170138,16,F,"[0.6000000000000001, 0.9]",0.05648219385431338
awfully,dev-clean,1462,170138,16,F,"[0.9, 1.3]",0.04163217936373802
Keen,dev-clean,1462,170138,16,F,"[1.3, 1.5]",0.034188454474345285
let,dev-clean,1462,170138,16,F,"[2.0, 2.5]",0.044155481849331685
me,dev-clean,1462,170138,16,F,"[2.5, 2.6]",0.1270830297528555
introduce,dev-clean,1462,170138,16,F,"[2.6, 2.9]",0.10438809164769662
you,dev-clean,1462,170138,16,F,"[2.9, 3.2]",0.0652436625999454
among,dev-clean,5536,43358,4,M,"[0.30000000000000004, 0.9]",0.0585441526402728
us,dev-clean,5536,43358,4,M,"[0.9, 1.1]",0.06665891700875494
all,dev-clean,5536,43358,4,M,"[1.1, 1.2]",0.126769406792873
men,dev-clean,5536,43358,4,M,"[1.2, 1.5]",0.0719742162788589
were,dev-clean,5536,43358,4,M,"[1.5, 1.7000000000000002]",0.0716007872264117
sons,dev-clean,5536,43358,4,M,"[1.7000000000000002, 2.5]",0.06729217076171486
and,dev-clean,5536,43358,4,M,"[2.9, 3.0]",0.05285589456271295
stood,dev-clean,5536,43358,4,M,"[3.0, 3.2]",0.025522218893372892
erect,dev-clean,5536,43358,4,M,"[3.2, 3.6]",0.08933330495685464
as,dev-clean,5536,43358,4,M,"[3.6, 3.9]",0.03993850196031327
conscious,dev-clean,5536,43358,4,M,"[3.9, 4.4]",0.05034408164204631
divinity,dev-clean,5536,43358,4,M,"[4.8, 5.1]",0.06990258664491725
that,dev-clean,7976,105575,24,M,"[0.30000000000000004, 0.7000000000000001]",0.07740022610405017
night,dev-clean,7976,105575,24,M,"[0.7000000000000001, 1.1]",0.07441655682653604
I,dev-clean,7976,105575,24,M,"[1.1, 1.2]",0.08660069572408455
oak,dev-clean,7976,105575,24,M,"[2.5, 2.8]",0.04659856107948915
tree,dev-clean,7976,105575,24,M,"[2.8, 3.0]",0.037223911140634405
battlefield,dev-clean,7976,105575,24,M,"[3.2, 3.9]",0.04967581916520319
it's,dev-clean,1462,170142,15,F,"[0.0, 0.30000000000000004]",0.028126482432967892
unbearable,dev-clean,1462,170142,15,F,"[0.30000000000000004, 0.9]",0.13706430085308166
it,dev-clean,1462,170142,15,F,"[0.9, 1.4]",0.035020110654877916
tortures,dev-clean,1462,170142,15,F,"[1.4, 1.8]",0.09699967651570897
me,dev-clean,1462,170142,15,F,"[1.8, 2.0]",0.113016517367066
every,dev-clean,1462,170142,15,F,"[2.0, 2.3]",0.11545957545911555
minute,dev-clean,1462,170142,15,F,"[2.3, 2.4]",0.1235951303695535
she,dev-clean,1462,170142,9,F,"[0.1, 0.5]",0.0384247704651781
looked,dev-clean,1462,170142,9,F,"[0.5, 0.8]",0.1154810791440125
his,dev-clean,1462,170142,9,F,"[0.8, 1.0]",0.06885111907864
heavy,dev-clean,1462,170142,9,F,"[1.0, 1.3]",0.07263335109781217
shoulders,dev-clean,1462,170142,9,F,"[1.3, 1.8]",0.06492153937172551
and,dev-clean,1462,170142,9,F,"[1.8, 2.3]",0.0777116050750025
big,dev-clean,1462,170142,9,F,"[2.3, 2.4]",0.2193124129880747
determined,dev-clean,1462,170142,9,F,"[2.4, 3.1]",0.0765860708987348
head,dev-clean,1462,170142,9,F,"[3.1, 3.4]",0.056877691556597665
thrust,dev-clean,1462,170142,9,F,"[3.4, 4.0]",0.042263900105632295
forward,dev-clean,1462,170142,9,F,"[4.0, 4.3]",0.07786678549654692
like,dev-clean,1462,170142,9,F,"[4.3, 4.6]",0.07486786007765027
a,dev-clean,1462,170142,9,F,"[4.6, 4.7]",0.04323368927063195
catapult,dev-clean,1462,170142,9,F,"[4.7, 5.2]",0.05460664583870462
I,dev-clean,1462,170142,17,F,"[0.1, 0.4]",0.0444928814261842
get,dev-clean,1462,170142,17,F,"[0.4, 0.6000000000000001]",0.1481389674071968
nothing,dev-clean,1462,170142,17,F,"[0.6000000000000001, 0.9]",0.17764792134096188
but,dev-clean,1462,170142,17,F,"[0.9, 1.1]",0.14155306739063145
misery,dev-clean,1462,170142,17,F,"[1.1, 1.3]",0.16005722210996354
out,dev-clean,1462,170142,17,F,"[1.3, 1.6]",0.1076675242688106
of,dev-clean,1462,170142,17,F,"[1.6, 1.8]",0.0803008265330569
either,dev-clean,1462,170142,17,F,"[1.8, 2.0]",0.07190475420963126
you,dev-clean,8297,275154,22,M,"[0.30000000000000004, 0.8]",0.03198023846322219
can't,dev-clean,8297,275154,22,M,"[0.8, 1.2]",0.03959980618191895
at,dev-clean,1673,143397,18,F,"[0.2, 0.5]",0.06990476865676866
the,dev-clean,1673,143397,18,F,"[0.5, 0.7000000000000001]",0.02738487656964329
every,dev-clean,1673,143397,18,F,"[1.2, 1.8]",0.14816086209327006
throne,dev-clean,1673,143397,18,F,"[2.3, 2.7]",0.10571700919337544
was,dev-clean,1673,143397,18,F,"[2.7, 2.8]",0.02415435365489527
assaulted,dev-clean,1673,143397,18,F,"[2.8, 3.3]",0.10171160572602687
with,dev-clean,1673,143397,18,F,"[3.3, 3.4]",0.013070608370865777
go,dev-clean,7976,105575,18,M,"[0.2, 0.6000000000000001]",0.03596434697169003
back,dev-clean,7976,105575,18,M,"[0.6000000000000001, 0.8]",0.10260902522526176
to,dev-clean,7976,105575,18,M,"[0.8, 0.9]",0.0239403173752122
said,dev-clean,7976,105575,18,M,"[1.7000000000000002, 1.9]",0.029342679317816138
smiling,dev-clean,7976,105575,18,M,"[1.9, 2.5]",0.02684858338637725
pepper,dev-clean,1919,142785,0,F,"[1.8, 2.2]",0.05341295405730653
and,dev-clean,6345,93302,26,F,"[0.2, 0.6000000000000001]",0.035244766967015145
the,dev-clean,6345,93302,26,F,"[1.4, 1.6]",0.05255972223277978
marble,dev-clean,6345,93302,26,F,"[1.6, 2.0]",0.07889609936029597
tables,dev-clean,6345,93302,26,F,"[2.0, 2.4]",0.07388779739519592
and,dev-clean,6345,93302,26,F,"[2.4, 2.5]",0.0167079265482306
the,dev-clean,6345,93302,26,F,"[2.8, 2.9]",0.0265003786057706
a,dev-clean,6345,93302,26,F,"[4.0, 4.1]",0.03592548063276494
exit,dev-clean,6345,93302,26,F,"[4.5, 4.9]",0.06448919954854485
the,dev-clean,1919,142785,4,F,"[0.8, 0.9]",0.13189838604167578
yolks,dev-clean,1919,142785,4,F,"[0.9, 1.3]",0.08348475030618882
them,dev-clean,1919,142785,4,F,"[3.5, 3.8]",0.09079767501677204
to,dev-clean,1919,142785,4,F,"[3.8, 4.0]",0.07472305933108603
the,dev-clean,1919,142785,4,F,"[4.0, 4.1]",0.0582098398559505
sauce,dev-clean,1919,142785,4,F,"[4.1, 4.5]",0.08612268587806013
but,dev-clean,1919,142785,4,F,"[4.5, 5.2]",0.04782719749036321
do,dev-clean,1919,142785,4,F,"[5.2, 5.3]",0.10653053779027752
not,dev-clean,1919,142785,4,F,"[5.3, 5.5]",0.15780176422879685
allow,dev-clean,1919,142785,4,F,"[5.5, 5.8]",0.1109368249001384
it,dev-clean,1919,142785,4,F,"[5.8, 5.9]",0.05107906001324245
to,dev-clean,1919,142785,4,F,"[5.9, 6.0]",0.04111537796334936
other,dev-clean,174,168635,9,M,"[2.3, 2.4]",0.024617514536728825
seasonable,dev-clean,1919,142785,9,F,"[0.30000000000000004, 1.1]",0.09633131800536546
this,dev-clean,1919,142785,9,F,"[1.1, 2.3]",0.06939147909056964
June,dev-clean,1919,142785,9,F,"[3.5, 4.0]",0.07579505632036898
July,dev-clean,1919,142785,9,F,"[4.0, 4.2]",0.06492475781819462
or,dev-clean,1919,142785,9,F,"[4.2, 4.7]",0.06146980407377242
August,dev-clean,1919,142785,9,F,"[4.7, 5.3]",0.03271283410581444
look,dev-clean,6345,93306,7,F,"[0.2, 0.7000000000000001]",0.08875218221392875
here,dev-clean,6345,93306,7,F,"[0.7000000000000001, 0.9]",0.03693677436353797
he,dev-clean,6345,93306,7,F,"[0.9, 1.0]",0.01985135766477832
said,dev-clean,6345,93306,7,F,"[1.0, 1.1]",0.04265826527194869
this,dev-clean,6345,93306,7,F,"[1.1, 1.4]",0.03421185010550113
is,dev-clean,6345,93306,7,F,"[1.4, 1.5]",0.0225541150484676
all,dev-clean,6345,93306,7,F,"[1.5, 1.7000000000000002]",0.07536736018976767
know,dev-clean,6345,93306,7,F,"[2.3, 2.4]",0.03581460302207586
out,dev-clean,6345,93306,7,F,"[2.9, 3.4]",0.05935067365605357
what,dev-clean,6345,93306,7,F,"[4.1, 4.6]",0.028896894604329083
is,dev-clean,6345,93306,7,F,"[4.6, 4.7]",0.0723628969397874
let,dev-clean,8297,275154,23,M,"[0.30000000000000004, 0.7000000000000001]",0.05156126038642738
what,dev-clean,8297,275154,23,M,"[1.1, 1.2]",0.06534467179364646
it,dev-clean,8297,275154,23,M,"[1.2, 1.3]",0.05585299028470262
is,dev-clean,8297,275154,23,M,"[1.3, 1.4]",0.07952263743375518
first,dev-clean,8297,275154,23,M,"[1.4, 1.6]",0.04503380428369405
I'm,dev-clean,8297,275154,18,M,"[0.30000000000000004, 0.7000000000000001]",0.07809771289905644
afraid,dev-clean,8297,275154,18,M,"[0.7000000000000001, 1.1]",0.07931229321533018
he,dev-clean,8297,275154,18,M,"[1.1, 1.5]",0.03613280387746218
said,dev-clean,8297,275154,18,M,"[1.5, 1.9]",0.05588959121096908
only,dev-clean,174,168635,4,M,"[0.30000000000000004, 0.9]",0.07784329066226431
as,dev-clean,174,168635,4,M,"[0.9, 1.3]",0.037030860846507176
he,dev-clean,174,168635,4,M,"[1.3, 1.6]",0.034052028285735815
was,dev-clean,174,168635,4,M,"[1.6, 1.8]",0.03601065133778378
fifty,dev-clean,174,168635,4,M,"[2.3, 2.8]",0.0296037433985882
years,dev-clean,174,168635,4,M,"[4.2, 4.5]",0.03747314987279506
of,dev-clean,174,168635,4,M,"[4.5, 4.7]",0.03625746991097629
might,dev-clean,174,168635,4,M,"[6.0, 6.3]",0.06803805103363753
have,dev-clean,174,168635,4,M,"[6.3, 6.5]",0.01925782472529565
been,dev-clean,174,168635,4,M,"[6.5, 6.6]",0.04542314271942438
whole,dev-clean,174,168635,4,M,"[7.3, 7.5]",0.034614851540297545
course,dev-clean,174,168635,4,M,"[7.5, 7.9]",0.045542811310464434
together,dev-clean,174,168635,4,M,"[9.6, 9.8]",0.01832580275777751
sort,dev-clean,174,168635,4,M,"[10.8, 11.1]",0.05248033510610098
the,dev-clean,174,168635,17,M,"[0.30000000000000004, 0.7000000000000001]",0.06811198882555614
best,dev-clean,174,168635,17,M,"[0.7000000000000001, 1.1]",0.06530763914985822
us,dev-clean,174,168635,17,M,"[1.1, 1.2]",0.08859461710943786
from,dev-clean,174,168635,17,M,"[2.4, 2.6]",0.04208736412719415
egotistical,dev-clean,174,168635,17,M,"[2.6, 3.5]",0.03156874374410557
thoughts,dev-clean,174,168635,17,M,"[3.5, 4.0]",0.0442726341591582
after,dev-clean,8297,275154,7,M,"[0.2, 0.7000000000000001]",0.06206498974739115
Separation,dev-clean,8297,275154,7,M,"[1.1, 1.5]",0.07726507368629508
he,dev-clean,8297,275154,7,M,"[1.5, 2.2]",0.058249546312381474
received,dev-clean,8297,275154,7,M,"[2.2, 2.8]",0.07543038662498062
from,dev-clean,8297,275154,7,M,"[3.3, 3.4]",0.010307273921147914
Herbert,dev-clean,8297,275154,7,M,"[3.4, 4.0]",0.06863737114320052
Souls,dev-clean,174,168635,10,M,"[1.3, 1.9]",0.0292473199413843
perceived,dev-clean,174,168635,10,M,"[1.9, 2.6]",0.02450764625763848
each,dev-clean,174,168635,10,M,"[2.6, 2.7]",0.014027290464109884
other,dev-clean,174,168635,10,M,"[2.7, 3.0]",0.0265270277048994
necessary,dev-clean,174,168635,10,M,"[5.6, 6.4]",0.037922834651291065
illustration,dev-clean,1919,142785,39,F,"[0.30000000000000004, 1.3]",0.09206509594767028
marjoram,dev-clean,1919,142785,39,F,"[1.3, 2.3]",0.06684942946390796
when,dev-clean,1919,142785,15,F,"[0.1, 0.5]",0.051333640541755314
thick,dev-clean,1919,142785,15,F,"[1.4, 1.8]",0.12441958787934412
take,dev-clean,1919,142785,15,F,"[1.8, 2.3]",0.03654086256220725
should,dev-clean,1919,142785,15,F,"[3.2, 3.4]",0.061319570368047874
not,dev-clean,1919,142785,15,F,"[3.4, 3.6]",0.0424551340411068
boil,dev-clean,1919,142785,15,F,"[3.6, 3.9]",0.053194630472031684
what,dev-clean,6345,93302,16,F,"[0.0, 0.5]",0.048297618805291515
opinion,dev-clean,6345,93302,16,F,"[0.5, 0.9]",0.02822777065915535
would,dev-clean,6345,93302,16,F,"[0.9, 1.0]",0.10102002035728463
he,dev-clean,6345,93302,16,F,"[1.0, 1.1]",0.023499085122645647
form,dev-clean,6345,93302,16,F,"[1.1, 1.4]",0.041819608964147485
of,dev-clean,6345,93302,16,F,"[1.4, 1.5]",0.030177996927924236
the,dev-clean,6345,93302,16,F,"[1.5, 1.6]",0.0356344445373013
purity,dev-clean,6345,93302,16,F,"[1.6, 2.0]",0.09028539696350768
of,dev-clean,6345,93302,16,F,"[2.0, 2.1]",0.03113987232628365
her,dev-clean,6345,93302,16,F,"[2.1, 2.2]",0.0179560099632205
mind,dev-clean,6345,93302,16,F,"[2.2, 2.6]",0.021675211766213908
the,dev-clean,6345,93302,16,F,"[2.6, 2.8]",0.028636750144068725
incident,dev-clean,6345,93302,16,F,"[4.3, 4.5]",0.037113375146218035
like,dev-clean,6345,93302,16,F,"[4.5, 4.8]",0.0497912058375254
this,dev-clean,6345,93302,16,F,"[4.8, 5.0]",0.06463780551158486
failed,dev-clean,6345,93302,16,F,"[5.0, 5.5]",0.05040248583519765
to,dev-clean,6345,93302,16,F,"[5.5, 5.6]",0.017138430907519868
shock,dev-clean,6345,93302,16,F,"[5.6, 5.8]",0.05574863818475953
her,dev-clean,6345,93302,16,F,"[5.8, 5.9]",0.00792224609159013
we,dev-clean,174,84280,3,M,"[0.30000000000000004, 0.7000000000000001]",0.04773174513665397
range,dev-clean,174,84280,3,M,"[0.7000000000000001, 1.1]",0.07169955202516265
wider,dev-clean,174,84280,3,M,"[1.1, 1.6]",0.0649923384063973
last,dev-clean,174,84280,3,M,"[1.6, 2.4]",0.05611099823044097
longer,dev-clean,174,84280,3,M,"[2.4, 2.9]",0.10419527561307114
more,dev-clean,174,84280,3,M,"[4.0, 4.4]",0.09903393502398608
towards,dev-clean,174,84280,3,M,"[5.8, 6.1]",0.031707199805774404
understanding,dev-clean,174,84280,3,M,"[6.1, 6.3]",0.05379207578717435
Master,dev-clean,8297,275154,1,M,"[1.1, 1.7000000000000002]",0.09347161852867747
announced,dev-clean,8297,275154,1,M,"[1.7000000000000002, 2.1]",0.0854082856603428
that,dev-clean,8297,275154,1,M,"[2.1, 2.5]",0.06276801911974651
he,dev-clean,8297,275154,1,M,"[2.5, 2.7]",0.10548360516319047
had,dev-clean,8297,275154,1,M,"[2.7, 2.8]",0.11077084160364516
orders,dev-clean,8297,275154,1,M,"[2.8, 3.0]",0.1205649559466221
the,dev-clean,8297,275154,1,M,"[3.6, 3.8]",0.050704249039300285
vessel,dev-clean,8297,275154,1,M,"[3.8, 4.1]",0.09584995848612687
back,dev-clean,8297,275154,1,M,"[4.1, 4.5]",0.08101236488799676
to,dev-clean,8297,275154,1,M,"[4.5, 4.9]",0.06330857064857305
her,dev-clean,8297,275154,1,M,"[4.9, 5.0]",0.0901335995681792
no,dev-clean,8297,275154,1,M,"[6.5, 6.7]",0.145046667613977
other,dev-clean,8297,275154,1,M,"[6.7, 7.0]",0.0905351179719252
explanation,dev-clean,8297,275154,1,M,"[7.0, 7.4]",0.07772612532152838
than,dev-clean,8297,275154,1,M,"[7.4, 8.4]",0.061973424757525125
over,dev-clean,8297,275154,1,M,"[9.4, 9.7]",0.0840667260460281
he,dev-clean,1272,135031,7,M,"[0.30000000000000004, 0.7000000000000001]",0.05593435840174981
king,dev-clean,1272,135031,7,M,"[3.2, 3.5]",0.059579346283194126
mind,dev-clean,8297,275154,21,M,"[1.0, 1.5]",0.09543786301266967
wandering,dev-clean,8297,275154,21,M,"[1.5, 2.0]",0.07612076842716588
train,dev-clean,8297,275154,21,M,"[2.6, 3.3]",0.0530873959513006
of,dev-clean,8297,275154,21,M,"[3.3, 3.7]",0.033122454944594495
thought,dev-clean,8297,275154,21,M,"[3.7, 4.2]",0.04613387092553918
the,dev-clean,174,50561,4,M,"[0.30000000000000004, 0.7000000000000001]",0.009292613966876471
emperor's,dev-clean,174,50561,4,M,"[0.7000000000000001, 1.1]",0.015171429516907897
neither,dev-clean,5338,24615,9,F,"[0.30000000000000004, 0.8]",0.09038112523064548
but,dev-clean,1462,170142,25,F,"[1.8, 2.1]",0.03859883383407622
she,dev-clean,1462,170142,25,F,"[2.1, 2.3]",0.05606823772068966
whispered,dev-clean,1462,170142,25,F,"[2.3, 2.7]",0.054142646222594064
yes,dev-clean,1462,170142,25,F,"[2.7, 3.9]",0.037160156312392834
it,dev-clean,1462,170142,25,F,"[4.3, 4.5]",0.07800987968055706
must,dev-clean,1462,170142,25,F,"[4.5, 4.6]",0.08574946070287448
have,dev-clean,1462,170142,25,F,"[4.6, 4.8]",0.035146523486158286
been,dev-clean,1462,170142,25,F,"[4.8, 5.0]",0.03065707806656912
this,dev-clean,1272,141231,24,M,"[0.30000000000000004, 0.7000000000000001]",0.0408906919494927
is,dev-clean,1272,141231,24,M,"[0.7000000000000001, 0.9]",0.06886697935522841
What,dev-clean,174,84280,14,M,"[0.30000000000000004, 0.8]",0.08914841231111326
alternative,dev-clean,174,84280,14,M,"[0.8, 1.1]",0.054234602698546616
was,dev-clean,174,84280,14,M,"[1.1, 1.8]",0.08136918929675749
there,dev-clean,174,84280,14,M,"[1.8, 2.1]",0.03513383181765314
had,dev-clean,8297,275154,5,M,"[0.30000000000000004, 0.7000000000000001]",0.05933421065985672
her,dev-clean,8297,275154,5,M,"[0.7000000000000001, 0.9]",0.11377739754151242
he,dev-clean,7976,105575,12,M,"[0.0, 0.5]",0.07299958746139229
that,dev-clean,7976,105575,7,M,"[0.1, 0.8]",0.06982952679261474
enemy,dev-clean,7976,105575,7,M,"[1.3, 1.7000000000000002]",0.0398324619480636
slipped,dev-clean,7976,105575,7,M,"[1.7000000000000002, 2.1]",0.049653974468669114
hundreds,dev-clean,7976,105575,7,M,"[3.1, 3.6]",0.08407444415228746
his,dev-clean,7976,105575,7,M,"[4.3, 4.5]",0.01647907330722386
dead,dev-clean,7976,105575,7,M,"[4.5, 4.8]",0.09690287129748787
and,dev-clean,7976,105575,7,M,"[4.8, 4.9]",0.06489598999084975
wounded,dev-clean,7976,105575,7,M,"[4.9, 5.1]",0.05502829048870513
field,dev-clean,7976,105575,7,M,"[5.6, 6.1]",0.029284025646748736
he,dev-clean,6345,64257,14,F,"[0.1, 0.5]",0.03874759649238586
came,dev-clean,6345,64257,14,F,"[0.5, 0.7000000000000001]",0.15944665920858445
to,dev-clean,6345,64257,14,F,"[0.7000000000000001, 0.8]",0.036057809805783686
her,dev-clean,6345,64257,14,F,"[0.8, 1.0]",0.08016442960210447
side,dev-clean,6345,64257,14,F,"[1.0, 1.5]",0.06646172309491677
him,dev-clean,6345,64257,14,F,"[2.0, 2.1]",0.05212090543783725
she,dev-clean,1462,170142,2,F,"[0.2, 0.6000000000000001]",0.04661970932614138
blushed,dev-clean,1462,170142,2,F,"[0.6000000000000001, 1.1]",0.1032208778869653
and,dev-clean,1462,170142,2,F,"[1.1, 1.3]",0.12783575081372506
smiled,dev-clean,1462,170142,2,F,"[1.3, 1.9]",0.06557812603054115
and,dev-clean,1462,170142,2,F,"[1.9, 2.3]",0.06452361132492529
fumbled,dev-clean,1462,170142,2,F,"[2.3, 2.7]",0.19138227275563616
in,dev-clean,1462,170142,2,F,"[3.2, 3.3]",0.09521732278799976
her,dev-clean,1462,170142,2,F,"[3.3, 3.5]",0.06760512123104966
confusion,dev-clean,1462,170142,2,F,"[3.5, 3.8]",0.0445173657699929
before,dev-clean,1462,170142,2,F,"[3.8, 4.7]",0.060124774325393614
she,dev-clean,1462,170142,2,F,"[4.7, 5.0]",0.0881452805251428
ran,dev-clean,1462,170142,2,F,"[5.0, 5.3]",0.09194000332007136
upstairs,dev-clean,1462,170142,2,F,"[5.3, 5.5]",0.012134356900385269
I'm,dev-clean,8297,275154,15,M,"[0.2, 0.6000000000000001]",0.08587467028203022
alone,dev-clean,8297,275154,15,M,"[0.6000000000000001, 1.1]",0.10417352972139972
do,dev-clean,8297,275154,15,M,"[1.1, 1.5]",0.03744367515868157
hear,dev-clean,8297,275154,15,M,"[1.5, 1.8]",0.09452562790383914
that,dev-clean,8297,275154,15,M,"[1.8, 2.0]",0.08877181650954888
alone,dev-clean,8297,275154,15,M,"[2.0, 2.8]",0.09392734354029744
to,dev-clean,5536,43358,11,M,"[0.0, 0.5]",0.0505418242026633
the,dev-clean,5536,43358,11,M,"[0.5, 0.6000000000000001]",0.08452318335013148
untutored,dev-clean,5536,43358,11,M,"[0.6000000000000001, 0.9]",0.05932706431906753
concentration,dev-clean,5536,43358,11,M,"[1.8, 2.6]",0.06372501018577159
prolific,dev-clean,5536,43358,11,M,"[3.6, 4.1]",0.05293031380914507
mother,dev-clean,5536,43358,11,M,"[4.1, 4.3]",0.048762238303549636
of,dev-clean,5536,43358,11,M,"[4.3, 4.6]",0.08262458786373228
all,dev-clean,5536,43358,11,M,"[4.6, 4.8]",0.07817471509367148
evils,dev-clean,5536,43358,11,M,"[4.8, 5.2]",0.053934917455182016
moral,dev-clean,5536,43358,11,M,"[5.2, 6.1]",0.08991770564581195
no,dev-clean,5536,43358,11,M,"[6.1, 6.3]",0.07397145626536927
less,dev-clean,5536,43358,11,M,"[6.3, 6.6]",0.06980515286707738
no,dev-clean,6345,93302,22,F,"[0.0, 0.5]",0.10874915134654853
it's,dev-clean,6345,93302,22,F,"[0.5, 1.1]",0.09805889724060046
only,dev-clean,6345,93302,22,F,"[1.1, 1.3]",0.09044613226670233
painful,dev-clean,6345,93302,22,F,"[1.3, 1.6]",0.04517750286604973
of,dev-clean,6345,93302,22,F,"[2.0, 2.1]",0.06795097987070506
us,dev-clean,6345,93302,22,F,"[2.1, 2.2]",0.07680086551354423
the,dev-clean,6345,64257,11,F,"[1.1, 1.2]",0.1008141471975492
place,dev-clean,6345,64257,11,F,"[1.2, 1.6]",0.08942625291263577
had,dev-clean,6345,64257,11,F,"[1.6, 1.8]",0.07107001563400434
go,dev-clean,6345,64257,11,F,"[2.2, 2.4]",0.06574940615777923
to,dev-clean,6345,64257,11,F,"[3.8, 3.9]",0.015701073087986985
go,dev-clean,6345,64257,11,F,"[3.9, 4.1]",0.08109277575917191
had,dev-clean,6345,64257,11,F,"[4.1, 4.8]",0.05612508750103665
what,dev-clean,6345,64257,11,F,"[6.0, 6.2]",0.08565820801028391
question,dev-clean,6345,64257,11,F,"[6.2, 6.7]",0.044337070173339634
to,dev-clean,6345,64257,11,F,"[6.7, 6.8]",0.04001457793012532
ask,dev-clean,6345,64257,11,F,"[6.8, 7.3]",0.03315717505222182
if,dev-clean,6345,64257,11,F,"[7.3, 7.4]",0.04135269164870152
she,dev-clean,6345,64257,11,F,"[7.4, 7.6]",0.04371854442792189
of,dev-clean,6345,64257,5,F,"[1.1, 1.2]",0.02200805705110326
company,dev-clean,6345,64257,5,F,"[1.6, 2.0]",0.05400132041222462
house,dev-clean,6345,64257,5,F,"[5.2, 5.6]",0.04863876121682813
with,dev-clean,6345,64257,5,F,"[5.6, 5.9]",0.062490224114070576
behind,dev-clean,6345,64257,5,F,"[6.5, 6.9]",0.04022706560763587
but,dev-clean,1673,143397,9,F,"[0.0, 0.4]",0.051170137242006086
the,dev-clean,1673,143397,9,F,"[0.4, 0.6000000000000001]",0.24819513240172664
Vatican,dev-clean,1673,143397,9,F,"[0.6000000000000001, 1.0]",0.17595078205091788
received,dev-clean,1673,143397,9,F,"[1.0, 1.4]",0.09129936496340717
with,dev-clean,1673,143397,9,F,"[1.4, 1.6]",0.16009029386227544
The,dev-clean,1673,143397,9,F,"[2.0, 2.4]",0.08048251404627416
Messengers,dev-clean,1673,143397,9,F,"[2.4, 2.8]",0.06362357651587218
a,dev-clean,1272,141231,18,M,"[0.30000000000000004, 0.6000000000000001]",0.023658028327658943
red-haired,dev-clean,1272,141231,18,M,"[0.6000000000000001, 0.9]",0.11720246448768774
those,dev-clean,6345,93302,19,F,"[0.2, 0.7000000000000001]",0.08762600019563799
four,dev-clean,6345,93302,19,F,"[0.7000000000000001, 1.0]",0.10633175614452477
true,dev-clean,6345,93302,19,F,"[1.0, 1.2]",0.051724106966091775
words,dev-clean,6345,93302,19,F,"[1.2, 1.7000000000000002]",0.09338036150990517
wounded,dev-clean,6345,93302,19,F,"[1.7000000000000002, 2.1]",0.041127790111413945
her,dev-clean,6345,93302,19,F,"[2.1, 2.3]",0.0666202265454401
all,dev-clean,6345,93302,19,F,"[2.7, 3.0]",0.07319718980033725
the,dev-clean,6345,93302,6,F,"[0.1, 0.5]",0.017519114502756478
setting,dev-clean,6345,93302,6,F,"[0.5, 0.7000000000000001]",0.06375991530676413
to,dev-clean,6345,93302,6,F,"[1.5, 1.7000000000000002]",0.02671903984027726
her,dev-clean,6345,93302,6,F,"[1.7000000000000002, 1.9]",0.0763973765771119
all-important,dev-clean,6345,93302,6,F,"[1.9, 2.5]",0.06750636867994149
oh,dev-clean,8297,275154,17,M,"[0.1, 0.5]",0.04050025016529385
why,dev-clean,8297,275154,17,M,"[0.5, 1.3]",0.10372756213079012
did,dev-clean,8297,275154,17,M,"[1.3, 1.7000000000000002]",0.11361103477299507
I,dev-clean,8297,275154,17,M,"[1.7000000000000002, 1.8]",0.11073911411782328
engage,dev-clean,8297,275154,17,M,"[1.8, 2.3]",0.0812777189745613
that,dev-clean,8297,275154,17,M,"[2.3, 2.6]",0.06417493738684225
same,dev-clean,1462,170138,25,F,"[0.9, 1.2]",0.05802006925819792
he,dev-clean,1462,170138,25,F,"[1.2, 1.9]",0.03749975356014981
lifted,dev-clean,1462,170138,25,F,"[1.9, 2.2]",0.08950900289644681
his,dev-clean,1462,170138,25,F,"[2.2, 2.3]",0.05958549441871129
glass,dev-clean,1462,170138,25,F,"[2.3, 2.7]",0.05123668221882987
here's,dev-clean,1462,170138,25,F,"[2.7, 3.3]",0.04732433712005178
to,dev-clean,1462,170138,25,F,"[3.3, 3.4]",0.0589639171858517
you,dev-clean,1462,170138,25,F,"[3.4, 3.7]",0.08014089800971247
little,dev-clean,1462,170138,25,F,"[3.7, 3.9]",0.08692414499184797
Hilda,dev-clean,1462,170138,25,F,"[3.9, 4.2]",0.08995700325628216
yet,dev-clean,7976,105575,3,M,"[1.7000000000000002, 2.2]",0.05746106260255755
Brigade,dev-clean,7976,105575,3,M,"[2.9, 3.2]",0.05104760818295597
of,dev-clean,7976,105575,3,M,"[3.2, 3.6]",0.12079563950514315
Hamilton's,dev-clean,7976,105575,3,M,"[3.6, 4.3]",0.0464698577507968
division,dev-clean,7976,105575,3,M,"[4.3, 4.8]",0.04354114309978301
assault,dev-clean,7976,105575,3,M,"[7.4, 7.9]",0.05479869413045059
after,dev-clean,7976,105575,3,M,"[7.9, 8.2]",0.0946462071761114
assault,dev-clean,7976,105575,3,M,"[8.2, 8.8]",0.052975875710710926
destroyed,dev-clean,174,84280,15,M,"[1.0, 1.6]",0.055205207620270674
not,dev-clean,174,84280,15,M,"[1.6, 2.4]",0.028023886724406148
her,dev-clean,174,84280,15,M,"[5.8, 5.9]",0.05105024221963439
husband,dev-clean,174,84280,15,M,"[5.9, 6.4]",0.048744540781921364
and,dev-clean,174,84280,15,M,"[6.4, 6.5]",0.04050860203572002
the,dev-clean,174,84280,15,M,"[11.4, 11.6]",0.028344329539392636
subjugation,dev-clean,174,84280,15,M,"[11.6, 12.2]",0.05270764827440141
of,dev-clean,174,84280,15,M,"[12.2, 12.4]",0.03358221076379697
her,dev-clean,174,84280,15,M,"[12.4, 12.7]",0.0353886214895132
kind,dev-clean,6345,93306,22,F,"[0.7000000000000001, 0.9]",0.0471219298390808
for,dev-clean,6345,93306,22,F,"[1.9, 2.0]",0.034485948098260534
the,dev-clean,6345,93306,22,F,"[2.0, 2.1]",0.05299428683098287
third,dev-clean,6345,93306,22,F,"[2.1, 2.4]",0.07771880688686066
time,dev-clean,6345,93306,22,F,"[2.4, 2.6]",0.04594461349964697
and,dev-clean,6345,93306,22,F,"[2.6, 2.8]",0.03825849577483543
reached,dev-clean,6345,93306,22,F,"[2.8, 3.1]",0.042144296343228714
her,dev-clean,6345,93306,22,F,"[3.1, 3.2]",0.037930659814854335
hand,dev-clean,6345,93306,22,F,"[3.2, 3.5]",0.038328294446773666
out,dev-clean,6345,93306,22,F,"[3.5, 3.6]",0.061132434537781014
not,dev-clean,6345,93306,22,F,"[4.7, 4.9]",0.05573233057673516
it,dev-clean,6345,93306,22,F,"[5.8, 5.9]",0.058368439947801685
in,dev-clean,6345,93306,22,F,"[5.9, 6.0]",0.03720999836354783
felt,dev-clean,6345,93306,22,F,"[6.5, 6.7]",0.02793552112261445
how,dev-clean,6345,93306,22,F,"[6.7, 6.9]",0.029698978160149013
it,dev-clean,6345,93306,22,F,"[8.7, 8.8]",0.0594125313588205
away,dev-clean,6345,93306,22,F,"[9.2, 9.3]",0.059669165011033164
when,dev-clean,5536,43358,9,M,"[0.30000000000000004, 0.8]",0.0455436680930594
he,dev-clean,5536,43358,9,M,"[0.8, 0.9]",0.08872496926834599
returned,dev-clean,5536,43358,9,M,"[0.9, 1.3]",0.07238768985259372
he,dev-clean,5536,43358,9,M,"[1.8, 2.0]",0.02802518121213566
must,dev-clean,5536,43358,9,M,"[2.0, 2.3]",0.05818794663323119
remain,dev-clean,5536,43358,9,M,"[2.3, 2.6]",0.06823560910373104
at,dev-clean,5536,43358,9,M,"[2.6, 2.8]",0.05088539375049566
a,dev-clean,5536,43358,9,M,"[2.8, 2.9]",0.030214350358217908
until,dev-clean,5536,43358,9,M,"[2.9, 3.6]",0.039539276986309324
he,dev-clean,5536,43358,9,M,"[3.6, 3.9]",0.0519653002813008
had,dev-clean,5536,43358,9,M,"[3.9, 4.0]",0.06283175231909774
again,dev-clean,5536,43358,9,M,"[4.0, 4.3]",0.04431675656079545
entered,dev-clean,5536,43358,9,M,"[4.3, 4.6]",0.0519143664795842
bath,dev-clean,5536,43358,9,M,"[5.0, 5.4]",0.042420844754410096
and,dev-clean,5536,43358,9,M,"[5.4, 5.5]",0.020664858808908025
prepared,dev-clean,5536,43358,9,M,"[5.5, 5.9]",0.06859388968301186
himself,dev-clean,5536,43358,9,M,"[5.9, 6.1]",0.033836801751893984
for,dev-clean,5536,43358,9,M,"[6.1, 6.3]",0.04356211732697541
intercourse,dev-clean,5536,43358,9,M,"[6.3, 6.8]",0.03683927014516825
with,dev-clean,5536,43358,9,M,"[6.8, 7.2]",0.040695127809674464
the,dev-clean,1919,142785,17,F,"[0.30000000000000004, 0.7000000000000001]",0.047222916625077986
lemon,dev-clean,1919,142785,17,F,"[0.7000000000000001, 1.0]",0.051043710439114716
a,dev-clean,1919,142785,17,F,"[2.5, 2.6]",0.07260561379549257
native,dev-clean,1919,142785,17,F,"[2.6, 3.0]",0.08423833878221322
and,dev-clean,1919,142785,17,F,"[3.5, 4.0]",0.04185466133958555
is,dev-clean,1919,142785,17,F,"[4.0, 4.1]",0.08026696342038703
mentioned,dev-clean,1919,142785,17,F,"[4.1, 4.6]",0.06450398964233428
by,dev-clean,1919,142785,17,F,"[4.6, 4.7]",0.09499724482124483
Virgil,dev-clean,1919,142785,17,F,"[4.7, 5.3]",0.05730072911837
as,dev-clean,1919,142785,17,F,"[5.3, 5.5]",0.052001038700557466
the,dev-clean,5338,284437,12,F,"[0.0, 0.4]",0.04960328478998987
friends,dev-clean,5338,284437,12,F,"[1.3, 1.7000000000000002]",0.029263700055326206
his,dev-clean,1673,143396,3,F,"[0.1, 0.5]",0.1269240664910516
to,dev-clean,1673,143396,3,F,"[1.6, 1.8]",0.04197561805562035
manhood,dev-clean,1673,143396,3,F,"[2.4, 2.6]",0.10501075428651882
was,dev-clean,1673,143396,3,F,"[2.6, 3.4]",0.07114678027255825
marked,dev-clean,1673,143396,3,F,"[3.4, 3.8]",0.11640457371042914
increase,dev-clean,1673,143396,3,F,"[4.5, 5.0]",0.06114518570339525
and,dev-clean,1673,143396,3,F,"[5.5, 5.7]",0.06064168998791537
wisdom,dev-clean,1673,143396,3,F,"[5.7, 5.8]",0.05564482347538704
and,dev-clean,1673,143396,3,F,"[5.8, 6.8]",0.09815752852787957
after,dev-clean,1673,143396,3,F,"[6.8, 7.1]",0.20613521764253426
a,dev-clean,1673,143396,3,F,"[7.1, 7.2]",0.053548484246866784
of,dev-clean,1673,143396,3,F,"[8.2, 8.3]",0.02720919223219893
Body,dev-clean,1673,143396,3,F,"[8.8, 9.0]",0.09510485900403064
he,dev-clean,1673,143396,3,F,"[9.0, 9.6]",0.05335804326587827
expired,dev-clean,1673,143396,3,F,"[9.6, 10.2]",0.09504908227289263
on,dev-clean,1673,143396,3,F,"[10.2, 10.3]",0.0808595858655532
the,dev-clean,1673,143396,3,F,"[10.3, 10.4]",0.05729001072354008
cross,dev-clean,1673,143396,3,F,"[10.4, 10.8]",0.050341801116988966
I,dev-clean,1462,170142,23,F,"[0.1, 0.4]",0.01471550570423242
have,dev-clean,1462,170142,23,F,"[0.4, 0.6000000000000001]",0.07910719451027286
thought,dev-clean,1462,170142,23,F,"[0.6000000000000001, 0.9]",0.13858995311610298
about,dev-clean,1462,170142,23,F,"[0.9, 1.0]",0.1100488808000699
it,dev-clean,1462,170142,23,F,"[1.0, 1.2]",0.08545559916176572
until,dev-clean,1462,170142,23,F,"[1.2, 1.5]",0.054138882151200066
I,dev-clean,1462,170142,23,F,"[1.5, 1.7000000000000002]",0.08016927169190435
am,dev-clean,1462,170142,23,F,"[1.7000000000000002, 1.8]",0.07838971972255253
worn,dev-clean,1462,170142,23,F,"[1.8, 2.0]",0.075923097143436
out,dev-clean,1462,170142,23,F,"[2.0, 2.1]",0.04997340360860671
lost,dev-clean,6345,64257,13,F,"[0.6000000000000001, 0.9]",0.09896404872008832
him,dev-clean,6345,64257,13,F,"[0.9, 1.1]",0.05945115324134639
years,dev-clean,6345,64257,13,F,"[1.1, 1.6]",0.10531242848202944
and,dev-clean,6345,64257,13,F,"[1.6, 1.8]",0.06352440214001953
she,dev-clean,6345,64257,13,F,"[3.3, 3.6]",0.03893260409309277
saw,dev-clean,6345,64257,13,F,"[3.6, 3.8]",0.07193741409492273
was,dev-clean,6345,64257,13,F,"[4.7, 4.8]",0.11348797659757492
there,dev-clean,6345,64257,13,F,"[4.8, 5.2]",0.10634755404426828
and,dev-clean,6345,64257,13,F,"[5.2, 5.3]",0.04455605137669734
she,dev-clean,6345,64257,13,F,"[5.3, 5.4]",0.06209449368614905
death,dev-clean,174,84280,5,M,"[1.7000000000000002, 1.9]",0.10281513807022366
me,dev-clean,174,84280,5,M,"[3.9, 4.1]",0.02050474687494353
but,dev-clean,174,84280,5,M,"[4.1, 5.1]",0.04588845914186387
presence,dev-clean,174,84280,5,M,"[6.0, 6.5]",0.04644935386849553
is,dev-clean,174,84280,5,M,"[6.5, 6.7]",0.023871328355908668
more,dev-clean,174,84280,5,M,"[6.7, 7.0]",0.08103764579979418
die,dev-clean,7976,105575,19,M,"[3.8, 4.0]",0.08065410138596209
elsewhere,dev-clean,7976,105575,19,M,"[4.0, 4.7]",0.04487052476139485
not,dev-clean,5338,284437,30,F,"[0.4, 0.5]",0.18449664741796767
like,dev-clean,5338,284437,30,F,"[0.5, 0.8]",0.07746777811656153
my,dev-clean,5338,284437,30,F,"[0.8, 1.0]",0.046577114600745054
may,dev-clean,1919,142785,29,F,"[1.0, 1.1]",0.10433474658012712
be,dev-clean,1919,142785,29,F,"[1.1, 1.3]",0.07487255215652427
added,dev-clean,1919,142785,29,F,"[1.3, 1.6]",0.08025085715547088
was,dev-clean,6345,64257,17,F,"[1.1, 1.6]",0.08238716235474806
was,dev-clean,6345,64257,17,F,"[2.0, 2.1]",0.12698488327232518
lost,dev-clean,6345,64257,17,F,"[2.1, 2.5]",0.0712341816420444
week,dev-clean,174,168635,13,M,"[0.30000000000000004, 0.9]",0.02219792764896077
that,dev-clean,174,168635,13,M,"[4.7, 4.8]",0.10015261145496203
hovel,dev-clean,174,168635,13,M,"[4.8, 5.2]",0.03717168056692605
illustration,dev-clean,1919,142785,16,F,"[0.30000000000000004, 1.3]",0.0603682059927645
the,dev-clean,1919,142785,16,F,"[1.3, 1.9]",0.021346194614090472
lemon,dev-clean,1919,142785,16,F,"[1.9, 2.3]",0.05707821819141279
in,dev-clean,1919,142785,45,F,"[1.3, 1.7000000000000002]",0.1010364947264224
an,dev-clean,1919,142785,45,F,"[1.7000000000000002, 1.8]",0.04896915243511931
unsound,dev-clean,1919,142785,45,F,"[1.8, 2.3]",0.09626613100024273
state,dev-clean,1919,142785,45,F,"[2.3, 2.9]",0.07063142014920472
it,dev-clean,1919,142785,45,F,"[2.9, 3.3]",0.06480888097507721
must,dev-clean,1919,142785,45,F,"[3.3, 3.6]",0.08506367960663255
be,dev-clean,1919,142785,45,F,"[3.6, 3.8]",0.07880835004639436
on,dev-clean,1919,142785,45,F,"[3.8, 4.1]",0.08630603056397798
no,dev-clean,1919,142785,45,F,"[4.1, 4.2]",0.09073340434861056
account,dev-clean,1919,142785,45,F,"[4.2, 4.5]",0.07297095556363667
made,dev-clean,1919,142785,45,F,"[4.5, 5.0]",0.0600445772888324
very,dev-clean,174,84280,11,M,"[2.2, 2.4]",0.08311377807832389
illustration,dev-clean,1919,142785,52,F,"[0.30000000000000004, 1.3]",0.06403571378458787
pestle,dev-clean,1919,142785,52,F,"[1.3, 2.2]",0.044228119293529364
this,dev-clean,5536,43358,14,M,"[0.0, 0.4]",0.04824346454730052
is,dev-clean,5536,43358,14,M,"[0.4, 0.6000000000000001]",0.1123089479792396
the,dev-clean,5536,43358,14,M,"[0.6000000000000001, 0.8]",0.035914624137955715
material,dev-clean,5536,43358,14,M,"[0.8, 1.0]",0.027063886465594416
prayer,dev-clean,5536,43358,14,M,"[1.9, 2.3]",0.05486906246645549
600,dev-clean,7976,105575,15,M,"[2.6, 3.2]",0.053497637599767715
yards,dev-clean,7976,105575,15,M,"[3.2, 3.6]",0.07868951678204546
away,dev-clean,7976,105575,15,M,"[3.6, 3.7]",0.0684392437973995
also,dev-clean,7976,105575,15,M,"[4.2, 5.1]",0.1012103228839408
lay,dev-clean,7976,105575,15,M,"[5.1, 5.4]",0.07438792437550436
painting,dev-clean,1272,128104,7,M,"[0.30000000000000004, 1.0]",0.07378966295041206
quality,dev-clean,1272,128104,7,M,"[3.0, 3.7]",0.07302702512081474
the,dev-clean,1919,142785,30,F,"[1.9, 2.0]",0.06616861425337342
whole,dev-clean,1919,142785,30,F,"[2.0, 2.2]",0.09120280846657726
of,dev-clean,1919,142785,30,F,"[2.2, 2.4]",0.06024870681731671
the,dev-clean,1919,142785,30,F,"[2.4, 2.5]",0.11671128880457145
ingredients,dev-clean,1919,142785,30,F,"[2.5, 2.7]",0.1164094387373154
into,dev-clean,1919,142785,30,F,"[2.7, 3.4]",0.07725597079553312
bottle,dev-clean,1919,142785,30,F,"[3.4, 3.9]",0.055504618719944436
and,dev-clean,1919,142785,30,F,"[3.9, 4.4]",0.05652947406459635
let,dev-clean,1919,142785,30,F,"[4.4, 4.5]",0.14174685308523366
it,dev-clean,1919,142785,30,F,"[4.5, 4.6]",0.09930533005493157
remain,dev-clean,1919,142785,30,F,"[4.6, 4.9]",0.09739895343577253
for,dev-clean,1919,142785,30,F,"[4.9, 5.2]",0.06332241660809719
in,dev-clean,1919,142785,30,F,"[5.8, 6.0]",0.05978569909786007
a,dev-clean,1919,142785,30,F,"[6.0, 6.1]",0.06349411275221993
shaking,dev-clean,1919,142785,30,F,"[7.5, 8.1]",0.0978520874586684
up,dev-clean,1919,142785,30,F,"[8.1, 8.3]",0.04707910146327803
contents,dev-clean,1919,142785,30,F,"[8.3, 8.8]",0.045845337847511235
but,dev-clean,6345,93302,9,F,"[0.0, 0.4]",0.030075554050354995
here,dev-clean,6345,93302,9,F,"[0.4, 0.6000000000000001]",0.07928909211907463
the,dev-clean,6345,93302,9,F,"[0.6000000000000001, 0.9]",0.11729962327771334
to,dev-clean,6345,93302,9,F,"[2.2, 2.3]",0.008199693538277812
shops,dev-clean,6345,93302,9,F,"[3.6, 3.8]",0.05257344692858559
till,dev-clean,6345,93302,9,F,"[3.8, 4.3]",0.02895665677681875
he,dev-clean,6345,93302,9,F,"[4.3, 4.4]",0.032303749210884844
should,dev-clean,6345,93302,9,F,"[4.4, 4.6]",0.08768641029524255
ask,dev-clean,6345,93302,9,F,"[4.6, 4.8]",0.02456663176138983
looking,dev-clean,6345,93302,9,F,"[5.3, 5.5]",0.043726833370706736
at,dev-clean,6345,93302,9,F,"[5.5, 5.8]",0.02272460483664503
the,dev-clean,1462,170138,19,F,"[0.1, 0.5]",0.04913389496858638
fact,dev-clean,1462,170138,19,F,"[0.5, 0.8]",0.10942171175309598
is,dev-clean,1462,170138,19,F,"[0.8, 0.9]",0.13758539901778513
she's,dev-clean,1462,170138,19,F,"[0.9, 1.4]",0.058935219636196676
feeling,dev-clean,1462,170138,19,F,"[1.4, 1.7000000000000002]",0.14795854458627225
rather,dev-clean,1462,170138,19,F,"[1.7000000000000002, 1.9]",0.11438014911327485
seedy,dev-clean,1462,170138,19,F,"[1.9, 2.3]",0.0866903734422853
poor,dev-clean,1462,170138,19,F,"[2.3, 2.6]",0.04270865512148557
child,dev-clean,1462,170138,19,F,"[2.6, 3.1]",0.05091532065368565
fried,dev-clean,1919,142785,58,F,"[0.30000000000000004, 1.0]",0.0760950548669093
knowing,dev-clean,5536,43358,7,M,"[0.30000000000000004, 0.9]",0.0569717273997706
that,dev-clean,5536,43358,7,M,"[0.9, 1.0]",0.07744270963025983
God,dev-clean,5536,43358,7,M,"[1.0, 1.3]",0.11663823180810665
sets,dev-clean,5536,43358,7,M,"[1.3, 1.7000000000000002]",0.06598589322684739
no,dev-clean,5536,43358,7,M,"[1.7000000000000002, 1.8]",0.06827021217767143
value,dev-clean,5536,43358,7,M,"[1.8, 2.2]",0.0896129865309171
upon,dev-clean,5536,43358,7,M,"[2.2, 2.5]",0.06156987385512287
material,dev-clean,5536,43358,7,M,"[2.5, 3.0]",0.06617326340315184
things,dev-clean,5536,43358,7,M,"[3.0, 3.5]",0.05045433136929107
he,dev-clean,5536,43358,7,M,"[3.5, 3.7]",0.047813952948029016
took,dev-clean,5536,43358,7,M,"[3.7, 4.0]",0.062058408341364724
with,dev-clean,5536,43358,7,M,"[4.0, 4.1]",0.050678357274612944
no,dev-clean,5536,43358,7,M,"[4.1, 4.4]",0.08118164306774119
offerings,dev-clean,5536,43358,7,M,"[4.4, 5.0]",0.07323637266653484
sacrifices,dev-clean,5536,43358,7,M,"[5.0, 5.8]",0.06300806107321165
other,dev-clean,5536,43358,7,M,"[5.8, 6.1]",0.0706206306714674
than,dev-clean,5536,43358,7,M,"[6.1, 6.3]",0.03613323210218082
symbolic,dev-clean,5536,43358,7,M,"[6.3, 6.8]",0.0774473713252703
objects,dev-clean,5536,43358,7,M,"[6.8, 7.3]",0.07537763058332254
such,dev-clean,5536,43358,7,M,"[7.3, 7.7]",0.03204169004200539
as,dev-clean,5536,43358,7,M,"[7.7, 7.8]",0.024137684559479185
paints,dev-clean,5536,43358,7,M,"[7.8, 8.2]",0.04228074998623648
and,dev-clean,5536,43358,7,M,"[8.2, 8.4]",0.025346928085740662
tobacco,dev-clean,5536,43358,7,M,"[8.4, 8.8]",0.07028848850268125
bitterly,dev-clean,6345,93302,7,F,"[0.7000000000000001, 1.0]",0.0951618185570684
embankment,dev-clean,6345,93302,7,F,"[1.6, 2.0]",0.11009573290463816
romantic,dev-clean,6345,93302,7,F,"[2.5, 2.6]",0.09202557795106672
than,dev-clean,6345,93302,7,F,"[2.6, 3.1]",0.0405448572754351
a,dev-clean,6345,93302,7,F,"[3.1, 3.3]",0.0639780497363796
railway,dev-clean,6345,93302,7,F,"[3.3, 3.6]",0.11114358975599167
carriage,dev-clean,6345,93302,7,F,"[3.6, 3.8]",0.032544491193461436
myself,dev-clean,1462,170138,4,F,"[0.1, 0.8]",0.09563988502356173
I,dev-clean,1462,170138,4,F,"[0.8, 1.0]",0.12005604166026752
always,dev-clean,1462,170138,4,F,"[1.0, 1.4]",0.13056272742970107
knew,dev-clean,1462,170138,4,F,"[1.4, 1.5]",0.11067171863598198
she,dev-clean,1462,170138,4,F,"[1.5, 1.7000000000000002]",0.03670248304420999
had,dev-clean,1462,170138,4,F,"[1.7000000000000002, 1.9]",0.07229583687031281
in,dev-clean,1462,170138,4,F,"[1.9, 2.0]",0.07766779009053909
her,dev-clean,1462,170138,4,F,"[2.0, 2.2]",0.08506036919712795
she,dev-clean,1462,170142,41,F,"[0.30000000000000004, 0.7000000000000001]",0.029540415314126062
slid,dev-clean,1462,170142,41,F,"[0.7000000000000001, 1.1]",0.0718906500871644
to,dev-clean,1462,170142,41,F,"[1.1, 1.3]",0.0540147453716803
floor,dev-clean,1462,170142,41,F,"[1.3, 1.7000000000000002]",0.057352581679670625
were,dev-clean,1462,170142,41,F,"[3.1, 3.2]",0.0893882254420686
too,dev-clean,1462,170142,41,F,"[3.2, 3.4]",0.047165957590259815
tired,dev-clean,1462,170142,41,F,"[3.4, 3.8]",0.053061141854563836
to,dev-clean,1462,170142,41,F,"[3.8, 4.0]",0.03075598620747232
any,dev-clean,1462,170142,41,F,"[4.3, 4.6]",0.04614079092027803
longer,dev-clean,1462,170142,41,F,"[4.6, 4.7]",0.05467905200693065
friend,dev-clean,7976,105575,17,M,"[1.4, 1.8]",0.023856944814586768
a,dev-clean,1919,142785,23,F,"[0.2, 0.5]",0.03792306177417814
store,dev-clean,1919,142785,23,F,"[0.5, 0.9]",0.10476315185708812
pickled,dev-clean,1919,142785,23,F,"[0.9, 1.4]",0.05419343096635427
eggs,dev-clean,1919,142785,23,F,"[1.4, 1.7000000000000002]",0.07849473056782898
will,dev-clean,1919,142785,23,F,"[1.7000000000000002, 1.8]",0.06444442568848599
very,dev-clean,1919,142785,23,F,"[2.1, 2.5]",0.08468536253080661
useful,dev-clean,1919,142785,23,F,"[2.5, 3.0]",0.062047330994278026
with,dev-clean,1919,142785,23,F,"[4.4, 4.6]",0.04494482379715626
many,dev-clean,1919,142785,23,F,"[4.6, 5.0]",0.0806616348938324
first,dev-clean,1919,142785,23,F,"[5.0, 5.4]",0.0573072156547229
and,dev-clean,1919,142785,23,F,"[5.4, 5.6]",0.05016152161430165
second,dev-clean,1919,142785,23,F,"[5.6, 5.9]",0.04927128100759938
course,dev-clean,1919,142785,23,F,"[5.9, 6.2]",0.04193395571473985
she,dev-clean,6345,93302,13,F,"[0.0, 0.5]",0.0398459015614778
said,dev-clean,6345,93302,13,F,"[0.5, 0.8]",0.16123616716261532
how,dev-clean,6345,93302,13,F,"[0.8, 1.0]",0.0331415819907224
frightfully,dev-clean,6345,93302,13,F,"[1.0, 1.5]",0.06703041130147831
cold,dev-clean,6345,93302,13,F,"[1.5, 1.7000000000000002]",0.09032941607333944
it,dev-clean,6345,93302,13,F,"[1.7000000000000002, 1.9]",0.04142353067611545
and,dev-clean,1919,142785,38,F,"[1.0, 1.7000000000000002]",0.049058578925487636
bind,dev-clean,1919,142785,38,F,"[1.7000000000000002, 2.0]",0.1472067351946364
with,dev-clean,1919,142785,38,F,"[2.0, 2.2]",0.05284887303651741
one,dev-clean,1919,142785,38,F,"[2.2, 2.4]",0.09791275922401442
or,dev-clean,1919,142785,38,F,"[2.4, 2.5]",0.08907453346287808
two,dev-clean,1919,142785,38,F,"[2.5, 2.6]",0.040573726705469146
have,dev-clean,1919,142785,38,F,"[3.6, 3.8]",0.08089598233800056
been,dev-clean,1919,142785,38,F,"[3.8, 3.9]",0.08136882017602386
previously,dev-clean,1919,142785,38,F,"[3.9, 4.2]",0.08860130802697719
beaten,dev-clean,1919,142785,38,F,"[4.2, 4.8]",0.08264976933948161
and,dev-clean,1919,142785,38,F,"[4.8, 5.0]",0.07997767332882161
strained,dev-clean,1919,142785,38,F,"[5.0, 5.5]",0.0597844909498072
Shaggy,dev-clean,1272,135031,21,M,"[1.9, 2.4]",0.051435468403450535
you,dev-clean,174,50561,19,M,"[0.30000000000000004, 0.7000000000000001]",0.010923914991139769
treatment,dev-clean,174,50561,19,M,"[1.4, 2.0]",0.013839505623978406
fanciful,dev-clean,174,50561,19,M,"[3.1, 3.7]",0.014912337375791037
boil,dev-clean,1919,142785,28,F,"[0.1, 0.6000000000000001]",0.09019713189273038
them,dev-clean,1919,142785,28,F,"[0.6000000000000001, 0.8]",0.0836991076416693
before,dev-clean,1919,142785,28,F,"[0.8, 1.1]",0.06553092633536327
they,dev-clean,1919,142785,28,F,"[1.1, 1.3]",0.09376282287922344
are,dev-clean,1919,142785,28,F,"[1.3, 1.4]",0.08843206935635685
put,dev-clean,1919,142785,28,F,"[1.4, 1.6]",0.04595500610248966
into,dev-clean,1919,142785,28,F,"[1.6, 1.9]",0.04097059634690795
the,dev-clean,1919,142785,28,F,"[1.9, 2.0]",0.051721708705017695
soup,dev-clean,1919,142785,28,F,"[2.0, 2.4]",0.05463626571327751
or,dev-clean,1919,142785,28,F,"[2.4, 2.6]",0.07929671225603027
other,dev-clean,1919,142785,28,F,"[2.6, 2.9]",0.07788080492486117
dish,dev-clean,1919,142785,28,F,"[2.9, 3.1]",0.05625165141505683
they,dev-clean,1919,142785,28,F,"[3.1, 3.6]",0.03172125948236067
just,dev-clean,1272,141231,20,M,"[0.2, 0.7000000000000001]",0.030930154902249974
thrust,dev-clean,1272,141231,20,M,"[0.7000000000000001, 1.1]",0.09102541658431863
15,dev-clean,7976,105575,10,M,"[0.2, 1.0]",0.0456344068781501
officers,dev-clean,7976,105575,10,M,"[1.0, 1.7000000000000002]",0.08829895984289972
half,dev-clean,7976,105575,10,M,"[2.4, 2.6]",0.08308391949866414
regiment,dev-clean,7976,105575,10,M,"[2.6, 3.2]",0.04971901199966945
were,dev-clean,7976,105575,10,M,"[3.2, 3.3]",0.04242271558840308
dead,dev-clean,7976,105575,10,M,"[3.3, 3.6]",0.06249976490890476
or,dev-clean,7976,105575,10,M,"[3.6, 3.7]",0.05994001039959097
let,dev-clean,8297,275154,26,M,"[0.2, 0.8]",0.05693862998001116
me,dev-clean,8297,275154,26,M,"[0.8, 0.9]",0.1258492363471471
rest,dev-clean,8297,275154,26,M,"[0.9, 1.3]",0.06850932262532762
a,dev-clean,8297,275154,26,M,"[1.3, 1.4]",0.060163423092934064
little,dev-clean,8297,275154,26,M,"[1.4, 1.6]",0.05279760974370296
he,dev-clean,8297,275154,26,M,"[1.6, 2.0]",0.02761453726549741
I'm,dev-clean,8297,275154,26,M,"[3.3, 3.5]",0.1232103091946788
not,dev-clean,8297,275154,26,M,"[3.5, 3.8]",0.1007819865613212
in,dev-clean,8297,275154,26,M,"[3.8, 3.9]",0.06485664830682167
the,dev-clean,8297,275154,26,M,"[3.9, 4.0]",0.05531797058851507
way,dev-clean,8297,275154,26,M,"[4.0, 4.1]",0.0903272193451862
all,dev-clean,174,168635,3,M,"[1.2, 1.4]",0.06482132838351518
and,dev-clean,174,168635,3,M,"[2.7, 3.3]",0.01329526132220376
he,dev-clean,174,168635,3,M,"[3.3, 3.4]",0.03715310754187416
knew,dev-clean,174,168635,3,M,"[3.4, 3.6]",0.04854828597696194
not,dev-clean,174,168635,3,M,"[3.6, 3.9]",0.08443848607768896
singular,dev-clean,174,168635,3,M,"[6.5, 7.1]",0.03956196465708438
heart,dev-clean,174,168635,3,M,"[7.9, 8.2]",0.05646638152703955
very,dev-clean,174,168635,3,M,"[10.1, 10.2]",0.08068079834343626
obscure,dev-clean,174,168635,3,M,"[10.2, 10.8]",0.046690629689531526
sweet,dev-clean,174,168635,3,M,"[11.8, 12.1]",0.026297679703527584
thing,dev-clean,174,168635,3,M,"[12.1, 12.5]",0.029943155468962045
a,dev-clean,7976,105575,29,M,"[0.1, 0.4]",0.013052774638090986
week,dev-clean,7976,105575,29,M,"[0.4, 0.7000000000000001]",0.07954442987070963
battle,dev-clean,7976,105575,29,M,"[1.2, 1.6]",0.08384529424682538
my,dev-clean,7976,105575,29,M,"[1.6, 2.0]",0.054109163080709455
horrible,dev-clean,7976,105575,29,M,"[5.4, 5.8]",0.09853833858969027
discovery,dev-clean,7976,105575,29,M,"[5.8, 6.6]",0.050205935876944836
that,dev-clean,7976,105575,29,M,"[6.6, 6.8]",0.047536866746291935
Hogs,dev-clean,7976,105575,29,M,"[6.8, 7.3]",0.1266350405408676
were,dev-clean,7976,105575,29,M,"[7.3, 7.4]",0.03119293696160963
the,dev-clean,7976,105575,29,M,"[7.8, 7.9]",0.05035488726679143
bodies,dev-clean,7976,105575,29,M,"[7.9, 8.4]",0.07369355422980932
our,dev-clean,7976,105575,29,M,"[8.4, 8.6]",0.0509082150049944
dead,dev-clean,7976,105575,29,M,"[8.6, 8.9]",0.05407937021800584
heroes,dev-clean,7976,105575,29,M,"[8.9, 9.4]",0.04461866037361209
that,dev-clean,7976,105575,29,M,"[9.4, 10.3]",0.040620844788943726
war,dev-clean,7976,105575,29,M,"[10.9, 11.2]",0.057455376698487284
he,dev-clean,8297,275154,20,M,"[0.30000000000000004, 0.8]",0.037203412291413565
his,dev-clean,8297,275154,20,M,"[2.3, 2.5]",0.05105291901073308
hand,dev-clean,8297,275154,20,M,"[2.5, 2.8]",0.05748497724714983
to,dev-clean,8297,275154,20,M,"[2.8, 3.1]",0.004579962775215486
his,dev-clean,8297,275154,20,M,"[3.1, 3.2]",0.05103039865808743
he,dev-clean,1462,170142,11,F,"[0.30000000000000004, 0.7000000000000001]",0.0716665704738473
pulled,dev-clean,1462,170142,11,F,"[0.7000000000000001, 1.0]",0.18635702419154032
window,dev-clean,1462,170142,11,F,"[1.2, 1.5]",0.14603498466279222
as,dev-clean,1462,170142,11,F,"[1.5, 1.7000000000000002]",0.0814801313318077
if,dev-clean,1462,170142,11,F,"[1.7000000000000002, 1.8]",0.02917699496375252
and,dev-clean,6345,93302,4,F,"[0.0, 0.4]",0.014511778532212468
hardly,dev-clean,6345,93302,4,F,"[1.7000000000000002, 2.0]",0.07213734697151011
curious,dev-clean,6345,93302,4,F,"[2.0, 2.5]",0.09820383846714002
at,dev-clean,6345,93302,4,F,"[2.5, 2.6]",0.05315008805889775
about,dev-clean,6345,93302,4,F,"[2.6, 2.9]",0.09072367916216588
have,dev-clean,6345,93302,4,F,"[3.3, 3.5]",0.04392674725495662
to,dev-clean,6345,93302,4,F,"[3.5, 3.7]",0.018655080159232014
say,dev-clean,6345,93302,4,F,"[3.7, 3.9]",0.07283822162515079
end,dev-clean,6345,64257,8,F,"[0.8, 1.0]",0.12048751620504705
she,dev-clean,6345,64257,8,F,"[1.3, 1.5]",0.06865673766083502
a,dev-clean,6345,64257,8,F,"[1.8, 1.9]",0.007130824567435056
place,dev-clean,6345,64257,8,F,"[1.9, 2.2]",0.04926201491945198
sister,dev-clean,174,84280,10,M,"[1.4, 2.0]",0.06947359560760047
indeed,dev-clean,174,84280,10,M,"[2.0, 3.0]",0.039664712629294094
he,dev-clean,6345,93302,24,F,"[0.2, 0.6000000000000001]",0.020179785834139596
stood,dev-clean,6345,93302,24,F,"[0.6000000000000001, 0.8]",0.17570917222517182
up,dev-clean,6345,93302,24,F,"[0.8, 0.9]",0.14967828609249512
Suddenly,dev-clean,6345,93302,24,F,"[0.9, 1.4]",0.05731072405911336
a,dev-clean,7976,105575,11,M,"[2.5, 2.6]",0.02590379439260777
with,dev-clean,7976,105575,11,M,"[4.1, 4.2]",0.020547959237106426
King,dev-clean,7976,105575,11,M,"[5.8, 6.1]",0.03783883839753238
